ID,Start,Completion,Email,Name,First Name,Last Name,RPE,Duration,Sleep,Fatigue,Stress,Soreness,Mood,Diet,Injuries,Full Name,Sport,Year,,,
1,,04/01/22,,,a,1,13,135,7,5,2,5,3,3,,a 1,Baseball,Freshman,,,
,,04/01/22,,,aa,2,7,30,5,4,5,4,5,4,,aa 2,Table Tennis,Freshman,,,
,,04/01/22,,,b,3,17,90,5,2,2,4,1,2,,b 3,Basketball,Junior,,,
,,04/01/22,,,bb,4,16,30,9,4,1,1,5,3,,bb 4,Basketball,Freshman,,,
,,04/01/22,,,c,5,11,30,10,3,2,5,1,1,,c 5,Table Tennis,Junior,,,
,,04/01/22,,,cc,6,19,135,7,2,5,3,2,2,,cc 6,Volleyball,Senior,,,
,,04/01/22,,,d,7,20,135,3,0,1,5,1,2,,d 7,Softball,Sophmore,,,
,,04/01/22,,,dd,8,16,120,8,4,3,4,1,2,,dd 8,Badminton,Senior,,,
,,04/01/22,,,e,9,15,120,6,3,1,1,1,4,,e 9,Softball,Freshman,,,
,,04/01/22,,,ee,10,12,45,4,1,3,5,4,2,,ee 10,Softball,Freshman,,,
,,04/01/22,,,f,11,20,90,8,2,0,4,5,3,,f 11,Baseball,Sophmore,,,
,,04/01/22,,,ff,12,18,135,9,3,0,2,5,5,,ff 12,Track & Field,Senior,,,
,,04/01/22,,,g,13,19,30,5,0,5,1,5,4,,g 13,Baseball,Junior,,,
,,04/01/22,,,gg,14,20,150,8,4,2,1,4,5,,gg 14,Tennis,Junior,,,
,,04/01/22,,,h,15,12,45,6,2,0,5,3,3,,h 15,Basketball,Sophmore,,,
,,04/01/22,,,hh,16,7.5,105,4,4,2,3,5,3,,hh 16,Badminton,Freshman,,,
,,04/01/22,,,i,17,10,105,4,0,2,2,3,3,,i 17,Baseball,Sophmore,,,
,,04/01/22,,,ii,18,12,135,9,1,0,0,1,5,,ii 18,Rugby,Junior,,,
,,04/01/22,,,j,19,17,90,6,5,2,0,4,4,,j 19,Baseball,Freshman,,,
,,04/01/22,,,jj,20,11,135,7,1,3,1,1,5,,jj 20,Cross Country,Freshman,,,
,,04/01/22,,,k,21,8,180,4,0,5,3,4,4,,k 21,Baseball,Junior,,,
,,04/01/22,,,kk,22,14,30,4,2,1,0,4,4,,kk 22,Volleyball,Freshman,,,
,,04/01/22,,,l,23,12,165,6,1,1,0,2,2,,l 23,Tennis,Junior,,,
,,04/01/22,,,ll,24,7,60,10,4,1,0,3,3,,ll 24,Volleyball,Junior,,,
,,04/01/22,,,m,25,13,150,4,2,5,5,2,5,,m 25,Soccer,Freshman,,,
,,04/01/22,,,mm,26,11,60,4,3,5,1,4,3,,mm 26,Table Tennis,Freshman,,,
,,04/01/22,,,n,27,8,60,10,1,2,5,3,3,,n 27,Swimming,Junior,,,
,,04/01/22,,,nn,28,7.5,150,4,2,4,5,2,2,,nn 28,Cross Country,Sophmore,,,
,,04/01/22,,,o,29,8,30,8,5,5,5,5,1,,o 29,Volleyball,Freshman,,,
,,04/01/22,,,oo,30,13,75,8,0,1,4,4,3,,oo 30,Track & Field,Sophmore,,,
,,04/01/22,,,p,31,10,105,5,0,2,4,2,3,,p 31,Volleyball,Senior,,,
,,04/01/22,,,pp,32,12,75,7,2,0,0,3,2,,pp 32,Table Tennis,Freshman,,,
,,04/01/22,,,q,33,19,90,6,3,4,2,4,2,,q 33,Rugby,Junior,,,
,,04/01/22,,,qq,34,13,90,9,0,3,4,4,3,,qq 34,Baseball,Sophmore,,,
,,04/01/22,,,r,35,13,150,3,4,1,2,1,3,,r 35,Badminton,Junior,,,
,,04/01/22,,,rr,36,18,90,9,2,3,0,1,1,,rr 36,Cross Country,Freshman,,,
,,04/01/22,,,s,37,10,75,8,0,2,1,5,2,,s 37,Table Tennis,Junior,,,
,,04/01/22,,,ss,38,10,90,3,2,3,0,1,3,,ss 38,Cross Country,Junior,,,
,,04/01/22,,,t,39,11,45,3,1,4,4,4,4,,t 39,Swimming,Senior,,,
,,04/01/22,,,tt,40,17,150,6,0,4,5,3,4,,tt 40,Volleyball,Sophmore,,,
,,04/01/22,,,u,41,18,30,6,5,3,1,3,4,,u 41,Track & Field,Sophmore,,,
,,04/01/22,,,uu,42,16,180,3,4,4,1,3,3,,uu 42,Tennis,Senior,,,
,,04/01/22,,,v,43,20,135,6,2,4,4,4,1,,v 43,Basketball,Junior,,,
,,04/01/22,,,vv,44,8,30,3,0,0,5,3,5,,vv 44,Table Tennis,Senior,,,
,,04/01/22,,,w,45,13,150,7,1,4,1,4,4,,w 45,Softball,Senior,,,
,,04/01/22,,,ww,46,14,135,10,4,2,4,4,2,,ww 46,Softball,Sophmore,,,
,,04/01/22,,,x,47,20,135,5,3,2,3,4,4,,x 47,Tennis,Senior,,,
,,04/01/22,,,xx,48,13,150,5,2,4,2,4,5,,xx 48,Rugby,Sophmore,,,
,,04/01/22,,,y,49,10,30,10,4,0,2,1,3,,y 49,Rugby,Junior,,,
,,04/01/22,,,yy,50,20,30,4,5,0,0,3,3,,yy 50,Rugby,Sophmore,,,
,,04/02/22,,,a,1,12,180,7,1,1,1,2,2,,a 1,Baseball,Freshman,,,
,,04/02/22,,,aa,2,9,150,5,0,1,3,2,3,,aa 2,Table Tennis,Freshman,,,
,,04/02/22,,,b,3,9,180,10,0,4,1,1,1,,b 3,Basketball,Junior,,,
,,04/02/22,,,bb,4,16,30,9,0,2,0,2,1,,bb 4,Basketball,Freshman,,,
,,04/02/22,,,c,5,13,150,4,1,0,2,4,4,,c 5,Table Tennis,Junior,,,
,,04/02/22,,,cc,6,12,45,9,0,2,5,5,1,,cc 6,Volleyball,Senior,,,
,,04/02/22,,,d,7,7,30,6,0,1,4,3,2,,d 7,Softball,Sophmore,,,
,,04/02/22,,,dd,8,6,75,10,3,2,1,2,1,,dd 8,Badminton,Senior,,,
,,04/02/22,,,e,9,14,75,9,3,0,4,5,1,,e 9,Softball,Freshman,,,
,,04/02/22,,,ee,10,17,180,5,2,2,2,5,1,,ee 10,Softball,Freshman,,,
,,04/02/22,,,f,11,11,180,4,3,2,0,3,5,,f 11,Baseball,Sophmore,,,
,,04/02/22,,,ff,12,17,60,7,1,0,2,3,4,,ff 12,Track & Field,Senior,,,
,,04/02/22,,,g,13,16,120,6,0,3,3,1,4,,g 13,Baseball,Junior,,,
,,04/02/22,,,gg,14,18,30,10,3,3,3,2,4,,gg 14,Tennis,Junior,,,
,,04/02/22,,,h,15,16,30,3,4,2,3,5,1,,h 15,Basketball,Sophmore,,,
,,04/02/22,,,hh,16,16,45,10,2,1,2,4,5,,hh 16,Badminton,Freshman,,,
,,04/02/22,,,i,17,19,105,6,3,1,4,1,4,,i 17,Baseball,Sophmore,,,
,,04/02/22,,,ii,18,19,30,7,2,5,4,3,2,,ii 18,Rugby,Junior,,,
,,04/02/22,,,j,19,6,30,8,2,4,1,4,1,,j 19,Baseball,Freshman,,,
,,04/02/22,,,jj,20,20,150,3,0,5,4,1,2,,jj 20,Cross Country,Freshman,,,
,,04/02/22,,,k,21,10,105,7,0,1,1,2,2,,k 21,Baseball,Junior,,,
,,04/02/22,,,kk,22,20,165,5,3,1,5,1,1,,kk 22,Volleyball,Freshman,,,
,,04/02/22,,,l,23,17,90,9,3,1,4,5,3,,l 23,Tennis,Junior,,,
,,04/02/22,,,ll,24,12,90,4,2,2,3,1,4,,ll 24,Volleyball,Junior,,,
,,04/02/22,,,m,25,19,165,10,5,3,0,5,3,,m 25,Soccer,Freshman,,,
,,04/02/22,,,mm,26,9,135,6,1,0,1,2,4,,mm 26,Table Tennis,Freshman,,,
,,04/02/22,,,n,27,7.5,30,4,4,5,1,4,3,,n 27,Swimming,Junior,,,
,,04/02/22,,,nn,28,6,30,7,1,0,1,1,2,,nn 28,Cross Country,Sophmore,,,
,,04/02/22,,,o,29,17,60,8,2,0,4,4,1,,o 29,Volleyball,Freshman,,,
,,04/02/22,,,oo,30,8,30,4,3,1,4,4,2,,oo 30,Track & Field,Sophmore,,,
,,04/02/22,,,p,31,17,45,6,2,0,1,1,4,,p 31,Volleyball,Senior,,,
,,04/02/22,,,pp,32,7,120,5,0,3,4,1,1,,pp 32,Table Tennis,Freshman,,,
,,04/02/22,,,q,33,7,60,8,1,0,0,5,3,,q 33,Rugby,Junior,,,
,,04/02/22,,,qq,34,17,165,8,1,5,1,5,5,,qq 34,Baseball,Sophmore,,,
,,04/02/22,,,r,35,9,105,6,5,5,2,3,4,,r 35,Badminton,Junior,,,
,,04/02/22,,,rr,36,7,45,10,0,3,5,5,3,,rr 36,Cross Country,Freshman,,,
,,04/02/22,,,s,37,7.5,105,8,2,5,2,5,4,,s 37,Table Tennis,Junior,,,
,,04/02/22,,,ss,38,7.5,90,9,0,2,3,2,3,,ss 38,Cross Country,Junior,,,
,,04/02/22,,,t,39,14,180,9,0,3,1,1,5,,t 39,Swimming,Senior,,,
,,04/02/22,,,tt,40,12,105,4,0,2,2,5,4,,tt 40,Volleyball,Sophmore,,,
,,04/02/22,,,u,41,15,75,5,4,0,1,1,1,,u 41,Track & Field,Sophmore,,,
,,04/02/22,,,uu,42,20,120,5,3,2,2,4,3,,uu 42,Tennis,Senior,,,
,,04/02/22,,,v,43,17,105,6,5,4,0,3,1,,v 43,Basketball,Junior,,,
,,04/02/22,,,vv,44,7,120,7,4,3,3,5,4,,vv 44,Table Tennis,Senior,,,
,,04/02/22,,,w,45,11,30,4,4,5,2,2,4,,w 45,Softball,Senior,,,
,,04/02/22,,,ww,46,18,180,7,0,3,2,5,3,,ww 46,Softball,Sophmore,,,
,,04/02/22,,,x,47,7,30,10,1,1,5,2,5,,x 47,Tennis,Senior,,,
,,04/02/22,,,xx,48,11,120,3,5,4,2,2,1,,xx 48,Rugby,Sophmore,,,
,,04/02/22,,,y,49,9,165,3,1,2,1,3,5,,y 49,Rugby,Junior,,,
,,04/02/22,,,yy,50,15,30,6,2,4,1,1,4,,yy 50,Rugby,Sophmore,,,
,,04/03/22,,,a,1,12,180,6,1,3,5,1,2,,a 1,Baseball,Freshman,,,
,,04/03/22,,,aa,2,16,165,7,5,2,4,1,5,,aa 2,Table Tennis,Freshman,,,
,,04/03/22,,,b,3,19,165,7,2,4,5,5,5,,b 3,Basketball,Junior,,,
,,04/03/22,,,bb,4,14,120,3,3,2,1,4,4,,bb 4,Basketball,Freshman,,,
,,04/03/22,,,c,5,6,120,5,5,4,2,1,4,,c 5,Table Tennis,Junior,,,
,,04/03/22,,,cc,6,15,150,7,5,1,3,5,5,,cc 6,Volleyball,Senior,,,
,,04/03/22,,,d,7,14,150,9,0,2,4,5,3,,d 7,Softball,Sophmore,,,
,,04/03/22,,,dd,8,16,45,10,5,2,0,5,3,,dd 8,Badminton,Senior,,,
,,04/03/22,,,e,9,9,90,10,1,2,0,1,1,,e 9,Softball,Freshman,,,
,,04/03/22,,,ee,10,13,120,5,3,1,2,2,2,,ee 10,Softball,Freshman,,,
,,04/03/22,,,f,11,20,165,10,2,0,4,3,5,,f 11,Baseball,Sophmore,,,
,,04/03/22,,,ff,12,11,105,3,5,0,5,1,3,,ff 12,Track & Field,Senior,,,
,,04/03/22,,,g,13,6,150,10,0,3,0,2,4,,g 13,Baseball,Junior,,,
,,04/03/22,,,gg,14,7.5,60,4,1,3,1,2,1,,gg 14,Tennis,Junior,,,
,,04/03/22,,,h,15,14,75,5,4,1,4,3,3,,h 15,Basketball,Sophmore,,,
,,04/03/22,,,hh,16,8,105,3,5,0,4,1,2,,hh 16,Badminton,Freshman,,,
,,04/03/22,,,i,17,14,75,10,2,1,0,5,2,,i 17,Baseball,Sophmore,,,
,,04/03/22,,,ii,18,16,150,7,5,0,3,2,3,,ii 18,Rugby,Junior,,,
,,04/03/22,,,j,19,9,60,4,1,1,4,4,4,,j 19,Baseball,Freshman,,,
,,04/03/22,,,jj,20,20,165,5,3,4,4,1,3,,jj 20,Cross Country,Freshman,,,
,,04/03/22,,,k,21,15,120,4,0,3,1,4,2,,k 21,Baseball,Junior,,,
,,04/03/22,,,kk,22,16,60,4,1,4,0,4,4,,kk 22,Volleyball,Freshman,,,
,,04/03/22,,,l,23,7,75,10,4,5,4,4,3,,l 23,Tennis,Junior,,,
,,04/03/22,,,ll,24,18,165,8,4,1,1,3,5,,ll 24,Volleyball,Junior,,,
,,04/03/22,,,m,25,7,180,8,5,4,2,1,1,,m 25,Soccer,Freshman,,,
,,04/03/22,,,mm,26,17,30,3,0,2,3,3,4,,mm 26,Table Tennis,Freshman,,,
,,04/03/22,,,n,27,12,120,10,4,4,4,2,1,,n 27,Swimming,Junior,,,
,,04/03/22,,,nn,28,7,180,9,5,4,4,1,3,,nn 28,Cross Country,Sophmore,,,
,,04/03/22,,,o,29,16,45,7,0,4,4,2,2,,o 29,Volleyball,Freshman,,,
,,04/03/22,,,oo,30,11,30,8,2,2,0,5,3,,oo 30,Track & Field,Sophmore,,,
,,04/03/22,,,p,31,6,165,4,0,4,3,4,5,,p 31,Volleyball,Senior,,,
,,04/03/22,,,pp,32,16,180,5,4,3,2,4,3,,pp 32,Table Tennis,Freshman,,,
,,04/03/22,,,q,33,17,90,5,1,5,2,3,5,,q 33,Rugby,Junior,,,
,,04/03/22,,,qq,34,13,90,4,5,1,5,2,1,,qq 34,Baseball,Sophmore,,,
,,04/03/22,,,r,35,15,45,4,1,2,0,1,1,,r 35,Badminton,Junior,,,
,,04/03/22,,,rr,36,17,180,3,0,5,4,4,2,,rr 36,Cross Country,Freshman,,,
,,04/03/22,,,s,37,16,90,3,4,4,4,5,5,,s 37,Table Tennis,Junior,,,
,,04/03/22,,,ss,38,11,135,6,2,2,2,3,3,,ss 38,Cross Country,Junior,,,
,,04/03/22,,,t,39,17,105,8,1,5,5,4,1,,t 39,Swimming,Senior,,,
,,04/03/22,,,tt,40,7.5,165,7,5,5,4,3,3,,tt 40,Volleyball,Sophmore,,,
,,04/03/22,,,u,41,6,45,3,5,0,5,5,5,,u 41,Track & Field,Sophmore,,,
,,04/03/22,,,uu,42,8,45,7,3,4,2,4,4,,uu 42,Tennis,Senior,,,
,,04/03/22,,,v,43,14,135,9,3,4,3,3,3,,v 43,Basketball,Junior,,,
,,04/03/22,,,vv,44,18,180,6,1,5,5,2,4,,vv 44,Table Tennis,Senior,,,
,,04/03/22,,,w,45,17,180,5,3,5,0,5,1,,w 45,Softball,Senior,,,
,,04/03/22,,,ww,46,18,135,7,0,1,2,4,5,,ww 46,Softball,Sophmore,,,
,,04/03/22,,,x,47,9,165,10,2,2,3,1,2,,x 47,Tennis,Senior,,,
,,04/03/22,,,xx,48,11,45,6,1,4,2,3,1,,xx 48,Rugby,Sophmore,,,
,,04/03/22,,,y,49,17,75,5,2,1,1,3,5,,y 49,Rugby,Junior,,,
,,04/03/22,,,yy,50,8,30,8,5,1,1,1,3,,yy 50,Rugby,Sophmore,,,
,,04/04/22,,,a,1,8,105,5,3,0,3,3,3,,a 1,Baseball,Freshman,,,
,,04/04/22,,,aa,2,8,45,7,4,5,5,5,4,,aa 2,Table Tennis,Freshman,,,
,,04/04/22,,,b,3,8,150,5,2,3,3,2,5,,b 3,Basketball,Junior,,,
,,04/04/22,,,bb,4,10,120,8,0,3,5,2,4,,bb 4,Basketball,Freshman,,,
,,04/04/22,,,c,5,14,75,10,3,2,4,5,5,,c 5,Table Tennis,Junior,,,
,,04/04/22,,,cc,6,20,135,9,4,1,5,5,1,,cc 6,Volleyball,Senior,,,
,,04/04/22,,,d,7,9,105,6,1,3,0,4,5,,d 7,Softball,Sophmore,,,
,,04/04/22,,,dd,8,10,60,3,3,0,4,1,5,,dd 8,Badminton,Senior,,,
,,04/04/22,,,e,9,6,135,9,4,1,0,5,5,,e 9,Softball,Freshman,,,
,,04/04/22,,,ee,10,10,60,6,2,3,3,1,1,,ee 10,Softball,Freshman,,,
,,04/04/22,,,f,11,7.5,105,5,0,4,1,5,1,,f 11,Baseball,Sophmore,,,
,,04/04/22,,,ff,12,18,165,10,0,0,2,1,5,,ff 12,Track & Field,Senior,,,
,,04/04/22,,,g,13,19,120,6,2,3,5,2,5,,g 13,Baseball,Junior,,,
,,04/04/22,,,gg,14,11,90,10,3,3,3,4,5,,gg 14,Tennis,Junior,,,
,,04/04/22,,,h,15,7,45,6,5,1,5,1,3,,h 15,Basketball,Sophmore,,,
,,04/04/22,,,hh,16,15,180,10,1,0,5,5,2,,hh 16,Badminton,Freshman,,,
,,04/04/22,,,i,17,20,150,9,0,2,4,1,3,,i 17,Baseball,Sophmore,,,
,,04/04/22,,,ii,18,10,30,3,2,3,5,2,2,,ii 18,Rugby,Junior,,,
,,04/04/22,,,j,19,14,45,9,1,0,5,3,2,,j 19,Baseball,Freshman,,,
,,04/04/22,,,jj,20,12,30,8,5,3,4,4,2,,jj 20,Cross Country,Freshman,,,
,,04/04/22,,,k,21,17,165,10,2,2,4,4,5,,k 21,Baseball,Junior,,,
,,04/04/22,,,kk,22,15,90,6,1,3,2,4,4,,kk 22,Volleyball,Freshman,,,
,,04/04/22,,,l,23,8,75,3,3,2,5,2,4,,l 23,Tennis,Junior,,,
,,04/04/22,,,ll,24,6,90,7,5,5,0,3,1,,ll 24,Volleyball,Junior,,,
,,04/04/22,,,m,25,8,45,10,2,0,0,4,5,,m 25,Soccer,Freshman,,,
,,04/04/22,,,mm,26,7,135,7,4,0,1,4,4,,mm 26,Table Tennis,Freshman,,,
,,04/04/22,,,n,27,10,60,7,2,2,2,2,2,,n 27,Swimming,Junior,,,
,,04/04/22,,,nn,28,9,135,3,0,4,0,2,3,,nn 28,Cross Country,Sophmore,,,
,,04/04/22,,,o,29,6,120,7,2,3,1,4,4,,o 29,Volleyball,Freshman,,,
,,04/04/22,,,oo,30,18,30,9,4,5,4,1,3,,oo 30,Track & Field,Sophmore,,,
,,04/04/22,,,p,31,15,165,4,0,5,1,5,2,,p 31,Volleyball,Senior,,,
,,04/04/22,,,pp,32,11,135,6,5,0,4,5,1,,pp 32,Table Tennis,Freshman,,,
,,04/04/22,,,q,33,17,105,4,4,3,5,1,1,,q 33,Rugby,Junior,,,
,,04/04/22,,,qq,34,6,105,8,3,4,4,1,1,,qq 34,Baseball,Sophmore,,,
,,04/04/22,,,r,35,13,75,3,4,3,0,1,3,,r 35,Badminton,Junior,,,
,,04/04/22,,,rr,36,17,60,9,0,5,4,4,4,,rr 36,Cross Country,Freshman,,,
,,04/04/22,,,s,37,15,105,8,4,1,1,5,2,,s 37,Table Tennis,Junior,,,
,,04/04/22,,,ss,38,14,180,7,3,1,3,5,1,,ss 38,Cross Country,Junior,,,
,,04/04/22,,,t,39,18,120,10,1,2,4,3,3,,t 39,Swimming,Senior,,,
,,04/04/22,,,tt,40,7.5,75,10,2,0,2,5,3,,tt 40,Volleyball,Sophmore,,,
,,04/04/22,,,u,41,7.5,105,8,4,0,1,3,1,,u 41,Track & Field,Sophmore,,,
,,04/04/22,,,uu,42,12,120,8,0,2,0,1,2,,uu 42,Tennis,Senior,,,
,,04/04/22,,,v,43,7,30,6,0,2,5,3,2,,v 43,Basketball,Junior,,,
,,04/04/22,,,vv,44,15,105,7,1,2,4,1,1,,vv 44,Table Tennis,Senior,,,
,,04/04/22,,,w,45,13,30,3,0,0,0,2,1,,w 45,Softball,Senior,,,
,,04/04/22,,,ww,46,16,150,9,2,3,5,3,3,,ww 46,Softball,Sophmore,,,
,,04/04/22,,,x,47,15,60,6,1,3,4,2,2,,x 47,Tennis,Senior,,,
,,04/04/22,,,xx,48,9,150,10,5,4,2,1,5,,xx 48,Rugby,Sophmore,,,
,,04/04/22,,,y,49,20,30,4,5,1,2,5,2,,y 49,Rugby,Junior,,,
,,04/04/22,,,yy,50,6,30,4,3,4,3,4,1,,yy 50,Rugby,Sophmore,,,
,,04/05/22,,,a,1,7,165,9,1,3,2,2,4,,a 1,Baseball,Freshman,,,
,,04/05/22,,,aa,2,20,90,7,3,3,4,4,4,,aa 2,Table Tennis,Freshman,,,
,,04/05/22,,,b,3,12,45,8,5,1,1,1,3,,b 3,Basketball,Junior,,,
,,04/05/22,,,bb,4,19,150,9,5,2,5,1,1,,bb 4,Basketball,Freshman,,,
,,04/05/22,,,c,5,9,90,7,5,5,2,5,1,,c 5,Table Tennis,Junior,,,
,,04/05/22,,,cc,6,9,90,8,2,2,4,2,1,,cc 6,Volleyball,Senior,,,
,,04/05/22,,,d,7,11,135,9,3,5,5,2,5,,d 7,Softball,Sophmore,,,
,,04/05/22,,,dd,8,17,45,3,1,1,1,1,3,,dd 8,Badminton,Senior,,,
,,04/05/22,,,e,9,18,180,6,2,3,3,1,4,,e 9,Softball,Freshman,,,
,,04/05/22,,,ee,10,20,105,10,5,1,0,3,2,,ee 10,Softball,Freshman,,,
,,04/05/22,,,f,11,13,165,10,5,5,0,2,2,,f 11,Baseball,Sophmore,,,
,,04/05/22,,,ff,12,18,180,3,1,4,3,1,3,,ff 12,Track & Field,Senior,,,
,,04/05/22,,,g,13,10,45,8,2,2,3,5,2,,g 13,Baseball,Junior,,,
,,04/05/22,,,gg,14,16,180,10,0,4,1,3,5,,gg 14,Tennis,Junior,,,
,,04/05/22,,,h,15,10,165,3,0,2,3,3,1,,h 15,Basketball,Sophmore,,,
,,04/05/22,,,hh,16,20,75,7,2,3,2,3,2,,hh 16,Badminton,Freshman,,,
,,04/05/22,,,i,17,14,90,9,5,5,2,4,5,,i 17,Baseball,Sophmore,,,
,,04/05/22,,,ii,18,11,75,8,4,0,2,3,1,,ii 18,Rugby,Junior,,,
,,04/05/22,,,j,19,18,30,8,4,1,0,4,4,,j 19,Baseball,Freshman,,,
,,04/05/22,,,jj,20,10,105,3,3,0,1,5,3,,jj 20,Cross Country,Freshman,,,
,,04/05/22,,,k,21,16,45,4,2,0,0,1,1,,k 21,Baseball,Junior,,,
,,04/05/22,,,kk,22,12,120,7,4,3,3,5,5,,kk 22,Volleyball,Freshman,,,
,,04/05/22,,,l,23,18,105,8,0,1,0,5,5,,l 23,Tennis,Junior,,,
,,04/05/22,,,ll,24,9,75,9,0,0,5,3,2,,ll 24,Volleyball,Junior,,,
,,04/05/22,,,m,25,12,45,7,4,4,2,2,2,,m 25,Soccer,Freshman,,,
,,04/05/22,,,mm,26,8,165,8,4,4,5,5,4,,mm 26,Table Tennis,Freshman,,,
,,04/05/22,,,n,27,10,120,9,1,1,0,5,2,,n 27,Swimming,Junior,,,
,,04/05/22,,,nn,28,20,180,5,4,4,5,3,1,,nn 28,Cross Country,Sophmore,,,
,,04/05/22,,,o,29,7.5,135,10,2,0,0,4,5,,o 29,Volleyball,Freshman,,,
,,04/05/22,,,oo,30,8,30,7,3,1,3,4,2,,oo 30,Track & Field,Sophmore,,,
,,04/05/22,,,p,31,11,90,10,4,4,1,3,5,,p 31,Volleyball,Senior,,,
,,04/05/22,,,pp,32,12,150,9,1,3,0,5,2,,pp 32,Table Tennis,Freshman,,,
,,04/05/22,,,q,33,6,150,10,4,1,1,2,3,,q 33,Rugby,Junior,,,
,,04/05/22,,,qq,34,11,180,4,3,5,2,5,3,,qq 34,Baseball,Sophmore,,,
,,04/05/22,,,r,35,11,135,5,3,2,4,4,3,,r 35,Badminton,Junior,,,
,,04/05/22,,,rr,36,16,105,10,2,2,2,1,2,,rr 36,Cross Country,Freshman,,,
,,04/05/22,,,s,37,17,120,10,5,1,4,1,1,,s 37,Table Tennis,Junior,,,
,,04/05/22,,,ss,38,7,60,3,1,1,4,5,2,,ss 38,Cross Country,Junior,,,
,,04/05/22,,,t,39,12,30,3,4,3,0,1,4,,t 39,Swimming,Senior,,,
,,04/05/22,,,tt,40,17,165,5,4,5,3,3,5,,tt 40,Volleyball,Sophmore,,,
,,04/05/22,,,u,41,7,150,7,5,3,4,1,4,,u 41,Track & Field,Sophmore,,,
,,04/05/22,,,uu,42,14,135,5,5,0,3,4,4,,uu 42,Tennis,Senior,,,
,,04/05/22,,,v,43,8,75,8,0,4,0,1,2,,v 43,Basketball,Junior,,,
,,04/05/22,,,vv,44,8,90,7,0,3,1,3,4,,vv 44,Table Tennis,Senior,,,
,,04/05/22,,,w,45,11,165,8,2,5,1,4,5,,w 45,Softball,Senior,,,
,,04/05/22,,,ww,46,13,165,6,1,5,2,3,3,,ww 46,Softball,Sophmore,,,
,,04/05/22,,,x,47,20,90,4,2,4,4,5,2,,x 47,Tennis,Senior,,,
,,04/05/22,,,xx,48,7,60,5,0,0,2,2,3,,xx 48,Rugby,Sophmore,,,
,,04/05/22,,,y,49,9,30,8,3,1,0,1,5,,y 49,Rugby,Junior,,,
,,04/05/22,,,yy,50,15,150,10,1,3,4,5,1,,yy 50,Rugby,Sophmore,,,
,,04/06/22,,,a,1,8,180,7,5,4,3,2,4,,a 1,Baseball,Freshman,,,
,,04/06/22,,,aa,2,18,120,3,5,0,3,3,4,,aa 2,Table Tennis,Freshman,,,
,,04/06/22,,,b,3,17,30,6,3,4,1,2,1,,b 3,Basketball,Junior,,,
,,04/06/22,,,bb,4,20,45,5,1,2,0,4,1,,bb 4,Basketball,Freshman,,,
,,04/06/22,,,c,5,16,30,7,5,1,0,3,1,,c 5,Table Tennis,Junior,,,
,,04/06/22,,,cc,6,11,90,7,5,2,2,4,5,,cc 6,Volleyball,Senior,,,
,,04/06/22,,,d,7,19,150,8,3,2,5,2,3,,d 7,Softball,Sophmore,,,
,,04/06/22,,,dd,8,7.5,105,9,2,4,4,2,5,,dd 8,Badminton,Senior,,,
,,04/06/22,,,e,9,9,180,3,2,4,3,2,2,,e 9,Softball,Freshman,,,
,,04/06/22,,,ee,10,18,105,10,5,4,1,4,2,,ee 10,Softball,Freshman,,,
,,04/06/22,,,f,11,17,30,9,3,3,0,2,5,,f 11,Baseball,Sophmore,,,
,,04/06/22,,,ff,12,6,165,10,3,2,2,2,3,,ff 12,Track & Field,Senior,,,
,,04/06/22,,,g,13,7,60,9,1,3,2,4,2,,g 13,Baseball,Junior,,,
,,04/06/22,,,gg,14,16,30,7,4,5,4,1,3,,gg 14,Tennis,Junior,,,
,,04/06/22,,,h,15,11,30,3,0,1,5,2,1,,h 15,Basketball,Sophmore,,,
,,04/06/22,,,hh,16,9,150,10,5,3,4,2,2,,hh 16,Badminton,Freshman,,,
,,04/06/22,,,i,17,7,60,7,1,0,5,3,4,,i 17,Baseball,Sophmore,,,
,,04/06/22,,,ii,18,7.5,45,10,2,4,5,2,3,,ii 18,Rugby,Junior,,,
,,04/06/22,,,j,19,12,30,8,3,5,5,2,2,,j 19,Baseball,Freshman,,,
,,04/06/22,,,jj,20,10,60,8,5,2,3,2,5,,jj 20,Cross Country,Freshman,,,
,,04/06/22,,,k,21,19,30,8,4,4,2,5,3,,k 21,Baseball,Junior,,,
,,04/06/22,,,kk,22,14,60,5,0,2,5,5,1,,kk 22,Volleyball,Freshman,,,
,,04/06/22,,,l,23,9,60,8,5,4,0,5,5,,l 23,Tennis,Junior,,,
,,04/06/22,,,ll,24,8,90,9,4,1,5,5,4,,ll 24,Volleyball,Junior,,,
,,04/06/22,,,m,25,19,165,9,2,4,2,2,3,,m 25,Soccer,Freshman,,,
,,04/06/22,,,mm,26,10,165,3,0,4,2,3,2,,mm 26,Table Tennis,Freshman,,,
,,04/06/22,,,n,27,13,150,10,4,1,2,3,5,,n 27,Swimming,Junior,,,
,,04/06/22,,,nn,28,16,165,9,5,4,2,3,4,,nn 28,Cross Country,Sophmore,,,
,,04/06/22,,,o,29,18,60,5,4,3,2,1,5,,o 29,Volleyball,Freshman,,,
,,04/06/22,,,oo,30,7,150,6,5,0,0,1,1,,oo 30,Track & Field,Sophmore,,,
,,04/06/22,,,p,31,15,45,4,5,5,2,2,5,,p 31,Volleyball,Senior,,,
,,04/06/22,,,pp,32,20,105,6,4,2,5,3,3,,pp 32,Table Tennis,Freshman,,,
,,04/06/22,,,q,33,9,60,10,1,2,3,2,2,,q 33,Rugby,Junior,,,
,,04/06/22,,,qq,34,19,75,3,5,3,3,1,1,,qq 34,Baseball,Sophmore,,,
,,04/06/22,,,r,35,16,60,3,3,2,2,5,4,,r 35,Badminton,Junior,,,
,,04/06/22,,,rr,36,10,135,6,0,4,0,4,1,,rr 36,Cross Country,Freshman,,,
,,04/06/22,,,s,37,20,180,5,4,3,5,5,3,,s 37,Table Tennis,Junior,,,
,,04/06/22,,,ss,38,17,30,6,4,2,3,1,3,,ss 38,Cross Country,Junior,,,
,,04/06/22,,,t,39,10,165,3,4,4,3,3,3,,t 39,Swimming,Senior,,,
,,04/06/22,,,tt,40,10,60,10,0,4,5,1,4,,tt 40,Volleyball,Sophmore,,,
,,04/06/22,,,u,41,17,105,10,4,3,1,2,1,,u 41,Track & Field,Sophmore,,,
,,04/06/22,,,uu,42,9,150,9,4,0,5,1,2,,uu 42,Tennis,Senior,,,
,,04/06/22,,,v,43,17,180,6,3,1,5,5,5,,v 43,Basketball,Junior,,,
,,04/06/22,,,vv,44,9,120,8,0,1,2,2,2,,vv 44,Table Tennis,Senior,,,
,,04/06/22,,,w,45,17,105,9,2,2,5,3,5,,w 45,Softball,Senior,,,
,,04/06/22,,,ww,46,13,60,6,5,2,2,4,4,,ww 46,Softball,Sophmore,,,
,,04/06/22,,,x,47,16,60,10,3,4,4,5,1,,x 47,Tennis,Senior,,,
,,04/06/22,,,xx,48,6,165,9,3,3,3,3,2,,xx 48,Rugby,Sophmore,,,
,,04/06/22,,,y,49,14,150,9,5,5,0,4,3,,y 49,Rugby,Junior,,,
,,04/06/22,,,yy,50,10,150,5,5,2,5,3,2,,yy 50,Rugby,Sophmore,,,
,,04/07/22,,,a,1,9,45,10,1,0,5,5,3,,a 1,Baseball,Freshman,,,
,,04/07/22,,,aa,2,7.5,105,3,1,3,3,3,3,,aa 2,Table Tennis,Freshman,,,
,,04/07/22,,,b,3,18,105,10,4,0,2,1,5,,b 3,Basketball,Junior,,,
,,04/07/22,,,bb,4,9,45,6,3,0,5,5,2,,bb 4,Basketball,Freshman,,,
,,04/07/22,,,c,5,6,180,8,2,2,5,2,3,,c 5,Table Tennis,Junior,,,
,,04/07/22,,,cc,6,7.5,105,6,1,4,1,4,3,,cc 6,Volleyball,Senior,,,
,,04/07/22,,,d,7,18,90,3,1,5,0,5,3,,d 7,Softball,Sophmore,,,
,,04/07/22,,,dd,8,19,45,6,4,0,1,1,4,,dd 8,Badminton,Senior,,,
,,04/07/22,,,e,9,19,75,7,2,0,1,5,2,,e 9,Softball,Freshman,,,
,,04/07/22,,,ee,10,12,75,5,5,2,5,4,5,,ee 10,Softball,Freshman,,,
,,04/07/22,,,f,11,18,150,9,3,3,2,1,5,,f 11,Baseball,Sophmore,,,
,,04/07/22,,,ff,12,17,150,10,5,1,2,3,3,,ff 12,Track & Field,Senior,,,
,,04/07/22,,,g,13,17,45,4,2,5,2,5,1,,g 13,Baseball,Junior,,,
,,04/07/22,,,gg,14,19,180,6,5,1,0,3,3,,gg 14,Tennis,Junior,,,
,,04/07/22,,,h,15,9,30,3,4,0,0,4,3,,h 15,Basketball,Sophmore,,,
,,04/07/22,,,hh,16,15,180,6,3,5,4,5,2,,hh 16,Badminton,Freshman,,,
,,04/07/22,,,i,17,11,180,5,5,0,5,1,4,,i 17,Baseball,Sophmore,,,
,,04/07/22,,,ii,18,9,120,10,1,3,4,2,2,,ii 18,Rugby,Junior,,,
,,04/07/22,,,j,19,15,75,3,5,5,2,5,2,,j 19,Baseball,Freshman,,,
,,04/07/22,,,jj,20,8,105,9,5,0,3,2,1,,jj 20,Cross Country,Freshman,,,
,,04/07/22,,,k,21,13,165,5,5,1,3,2,2,,k 21,Baseball,Junior,,,
,,04/07/22,,,kk,22,18,60,5,0,0,1,3,2,,kk 22,Volleyball,Freshman,,,
,,04/07/22,,,l,23,15,45,4,0,0,3,4,2,,l 23,Tennis,Junior,,,
,,04/07/22,,,ll,24,16,60,3,3,2,4,2,3,,ll 24,Volleyball,Junior,,,
,,04/07/22,,,m,25,14,135,4,5,0,4,2,1,,m 25,Soccer,Freshman,,,
,,04/07/22,,,mm,26,16,30,10,5,0,4,3,5,,mm 26,Table Tennis,Freshman,,,
,,04/07/22,,,n,27,11,135,5,1,2,3,5,5,,n 27,Swimming,Junior,,,
,,04/07/22,,,nn,28,20,135,7,5,5,3,4,5,,nn 28,Cross Country,Sophmore,,,
,,04/07/22,,,o,29,9,105,4,5,1,0,3,1,,o 29,Volleyball,Freshman,,,
,,04/07/22,,,oo,30,20,45,7,2,5,3,3,2,,oo 30,Track & Field,Sophmore,,,
,,04/07/22,,,p,31,19,150,8,0,1,0,1,5,,p 31,Volleyball,Senior,,,
,,04/07/22,,,pp,32,7,60,6,3,1,2,4,3,,pp 32,Table Tennis,Freshman,,,
,,04/07/22,,,q,33,13,90,10,4,1,1,4,2,,q 33,Rugby,Junior,,,
,,04/07/22,,,qq,34,19,135,8,5,1,5,3,4,,qq 34,Baseball,Sophmore,,,
,,04/07/22,,,r,35,18,105,4,3,5,3,4,4,,r 35,Badminton,Junior,,,
,,04/07/22,,,rr,36,18,105,9,3,3,0,2,1,,rr 36,Cross Country,Freshman,,,
,,04/07/22,,,s,37,20,135,8,5,0,3,4,1,,s 37,Table Tennis,Junior,,,
,,04/07/22,,,ss,38,17,180,3,4,0,5,1,3,,ss 38,Cross Country,Junior,,,
,,04/07/22,,,t,39,19,105,8,2,0,1,3,3,,t 39,Swimming,Senior,,,
,,04/07/22,,,tt,40,16,120,3,4,0,5,4,1,,tt 40,Volleyball,Sophmore,,,
,,04/07/22,,,u,41,7,135,9,2,2,2,1,2,,u 41,Track & Field,Sophmore,,,
,,04/07/22,,,uu,42,11,60,9,3,3,1,5,1,,uu 42,Tennis,Senior,,,
,,04/07/22,,,v,43,19,75,7,3,3,2,1,3,,v 43,Basketball,Junior,,,
,,04/07/22,,,vv,44,10,165,7,0,0,4,5,2,,vv 44,Table Tennis,Senior,,,
,,04/07/22,,,w,45,12,135,4,3,3,0,5,1,,w 45,Softball,Senior,,,
,,04/07/22,,,ww,46,10,165,6,1,0,5,5,5,,ww 46,Softball,Sophmore,,,
,,04/07/22,,,x,47,16,45,7,1,4,3,2,4,,x 47,Tennis,Senior,,,
,,04/07/22,,,xx,48,15,45,5,1,3,2,2,2,,xx 48,Rugby,Sophmore,,,
,,04/07/22,,,y,49,14,75,7,4,1,4,5,2,,y 49,Rugby,Junior,,,
,,04/07/22,,,yy,50,12,120,10,4,4,1,2,1,,yy 50,Rugby,Sophmore,,,
,,04/08/22,,,a,1,15,75,3,4,0,4,4,4,,a 1,Baseball,Freshman,,,
,,04/08/22,,,aa,2,11,75,8,3,5,2,5,4,,aa 2,Table Tennis,Freshman,,,
,,04/08/22,,,b,3,9,45,3,0,2,4,5,4,,b 3,Basketball,Junior,,,
,,04/08/22,,,bb,4,16,105,4,5,5,3,5,1,,bb 4,Basketball,Freshman,,,
,,04/08/22,,,c,5,17,135,4,0,2,5,3,1,,c 5,Table Tennis,Junior,,,
,,04/08/22,,,cc,6,14,105,4,0,4,5,2,3,,cc 6,Volleyball,Senior,,,
,,04/08/22,,,d,7,10,60,10,4,1,5,4,1,,d 7,Softball,Sophmore,,,
,,04/08/22,,,dd,8,6,150,6,0,0,0,1,4,,dd 8,Badminton,Senior,,,
,,04/08/22,,,e,9,18,45,10,4,3,2,2,3,,e 9,Softball,Freshman,,,
,,04/08/22,,,ee,10,18,60,5,0,3,5,3,1,,ee 10,Softball,Freshman,,,
,,04/08/22,,,f,11,16,135,3,5,1,3,4,1,,f 11,Baseball,Sophmore,,,
,,04/08/22,,,ff,12,10,30,10,0,1,1,2,4,,ff 12,Track & Field,Senior,,,
,,04/08/22,,,g,13,20,90,4,3,1,2,1,2,,g 13,Baseball,Junior,,,
,,04/08/22,,,gg,14,12,120,10,0,4,4,5,3,,gg 14,Tennis,Junior,,,
,,04/08/22,,,h,15,6,30,8,2,4,5,2,3,,h 15,Basketball,Sophmore,,,
,,04/08/22,,,hh,16,12,150,4,4,2,1,2,2,,hh 16,Badminton,Freshman,,,
,,04/08/22,,,i,17,11,150,10,3,4,2,2,5,,i 17,Baseball,Sophmore,,,
,,04/08/22,,,ii,18,7,75,4,4,0,1,5,3,,ii 18,Rugby,Junior,,,
,,04/08/22,,,j,19,8,165,5,1,1,5,4,2,,j 19,Baseball,Freshman,,,
,,04/08/22,,,jj,20,8,150,8,4,3,3,5,1,,jj 20,Cross Country,Freshman,,,
,,04/08/22,,,k,21,19,165,3,3,4,3,2,2,,k 21,Baseball,Junior,,,
,,04/08/22,,,kk,22,14,150,10,1,1,2,4,3,,kk 22,Volleyball,Freshman,,,
,,04/08/22,,,l,23,19,60,10,2,4,3,5,1,,l 23,Tennis,Junior,,,
,,04/08/22,,,ll,24,11,150,9,5,1,3,2,4,,ll 24,Volleyball,Junior,,,
,,04/08/22,,,m,25,8,165,3,3,4,5,2,2,,m 25,Soccer,Freshman,,,
,,04/08/22,,,mm,26,17,105,9,1,2,1,2,1,,mm 26,Table Tennis,Freshman,,,
,,04/08/22,,,n,27,6,120,4,3,5,2,3,5,,n 27,Swimming,Junior,,,
,,04/08/22,,,nn,28,12,135,8,4,5,5,4,1,,nn 28,Cross Country,Sophmore,,,
,,04/08/22,,,o,29,8,30,6,5,4,4,2,2,,o 29,Volleyball,Freshman,,,
,,04/08/22,,,oo,30,14,180,6,4,0,2,5,2,,oo 30,Track & Field,Sophmore,,,
,,04/08/22,,,p,31,20,150,9,1,2,5,3,5,,p 31,Volleyball,Senior,,,
,,04/08/22,,,pp,32,15,105,9,2,0,4,4,2,,pp 32,Table Tennis,Freshman,,,
,,04/08/22,,,q,33,15,180,8,5,3,2,5,1,,q 33,Rugby,Junior,,,
,,04/08/22,,,qq,34,14,60,7,3,1,2,2,4,,qq 34,Baseball,Sophmore,,,
,,04/08/22,,,r,35,13,60,4,2,2,2,3,3,,r 35,Badminton,Junior,,,
,,04/08/22,,,rr,36,16,45,6,3,2,4,2,1,,rr 36,Cross Country,Freshman,,,
,,04/08/22,,,s,37,15,45,4,0,4,0,4,1,,s 37,Table Tennis,Junior,,,
,,04/08/22,,,ss,38,7,120,9,0,5,0,3,1,,ss 38,Cross Country,Junior,,,
,,04/08/22,,,t,39,8,45,4,1,1,1,2,5,,t 39,Swimming,Senior,,,
,,04/08/22,,,tt,40,16,165,7,0,0,5,3,5,,tt 40,Volleyball,Sophmore,,,
,,04/08/22,,,u,41,13,45,8,2,3,3,4,4,,u 41,Track & Field,Sophmore,,,
,,04/08/22,,,uu,42,12,60,8,1,0,1,3,4,,uu 42,Tennis,Senior,,,
,,04/08/22,,,v,43,13,30,8,1,0,5,4,5,,v 43,Basketball,Junior,,,
,,04/08/22,,,vv,44,12,30,4,4,1,0,3,5,,vv 44,Table Tennis,Senior,,,
,,04/08/22,,,w,45,8,45,10,0,4,0,4,4,,w 45,Softball,Senior,,,
,,04/08/22,,,ww,46,9,60,4,5,1,5,3,1,,ww 46,Softball,Sophmore,,,
,,04/08/22,,,x,47,17,120,6,1,3,0,1,1,,x 47,Tennis,Senior,,,
,,04/08/22,,,xx,48,12,180,7,0,5,5,2,5,,xx 48,Rugby,Sophmore,,,
,,04/08/22,,,y,49,6,90,6,2,5,0,2,3,,y 49,Rugby,Junior,,,
,,04/08/22,,,yy,50,11,105,5,1,1,2,3,4,,yy 50,Rugby,Sophmore,,,
,,04/09/22,,,a,1,20,135,5,1,3,3,1,5,,a 1,Baseball,Freshman,,,
,,04/09/22,,,aa,2,16,60,5,1,0,3,2,3,,aa 2,Table Tennis,Freshman,,,
,,04/09/22,,,b,3,18,180,9,2,3,2,1,5,,b 3,Basketball,Junior,,,
,,04/09/22,,,bb,4,18,60,3,3,1,1,1,5,,bb 4,Basketball,Freshman,,,
,,04/09/22,,,c,5,18,105,6,1,2,2,2,5,,c 5,Table Tennis,Junior,,,
,,04/09/22,,,cc,6,9,180,8,0,0,2,1,1,,cc 6,Volleyball,Senior,,,
,,04/09/22,,,d,7,9,45,10,1,1,1,3,5,,d 7,Softball,Sophmore,,,
,,04/09/22,,,dd,8,12,45,10,2,0,5,3,3,,dd 8,Badminton,Senior,,,
,,04/09/22,,,e,9,8,180,9,1,5,0,1,1,,e 9,Softball,Freshman,,,
,,04/09/22,,,ee,10,7,45,7,5,4,4,1,2,,ee 10,Softball,Freshman,,,
,,04/09/22,,,f,11,8,90,4,3,4,1,1,3,,f 11,Baseball,Sophmore,,,
,,04/09/22,,,ff,12,17,135,7,4,3,0,2,4,,ff 12,Track & Field,Senior,,,
,,04/09/22,,,g,13,14,150,8,4,0,2,5,4,,g 13,Baseball,Junior,,,
,,04/09/22,,,gg,14,7.5,165,5,1,1,2,3,2,,gg 14,Tennis,Junior,,,
,,04/09/22,,,h,15,18,90,7,4,0,1,5,2,,h 15,Basketball,Sophmore,,,
,,04/09/22,,,hh,16,20,75,4,3,3,1,3,3,,hh 16,Badminton,Freshman,,,
,,04/09/22,,,i,17,16,150,6,3,3,2,5,2,,i 17,Baseball,Sophmore,,,
,,04/09/22,,,ii,18,11,45,8,4,2,0,1,2,,ii 18,Rugby,Junior,,,
,,04/09/22,,,j,19,8,30,4,1,3,5,5,4,,j 19,Baseball,Freshman,,,
,,04/09/22,,,jj,20,14,150,10,0,5,3,1,1,,jj 20,Cross Country,Freshman,,,
,,04/09/22,,,k,21,11,165,6,1,4,3,5,4,,k 21,Baseball,Junior,,,
,,04/09/22,,,kk,22,7.5,165,10,2,2,0,1,1,,kk 22,Volleyball,Freshman,,,
,,04/09/22,,,l,23,9,135,7,2,4,0,2,2,,l 23,Tennis,Junior,,,
,,04/09/22,,,ll,24,7,105,4,4,2,2,2,1,,ll 24,Volleyball,Junior,,,
,,04/09/22,,,m,25,18,60,9,4,1,5,1,4,,m 25,Soccer,Freshman,,,
,,04/09/22,,,mm,26,16,105,3,1,4,0,4,3,,mm 26,Table Tennis,Freshman,,,
,,04/09/22,,,n,27,6,120,8,4,0,5,1,2,,n 27,Swimming,Junior,,,
,,04/09/22,,,nn,28,6,45,10,4,0,5,4,1,,nn 28,Cross Country,Sophmore,,,
,,04/09/22,,,o,29,6,30,7,5,0,4,2,5,,o 29,Volleyball,Freshman,,,
,,04/09/22,,,oo,30,10,120,9,1,0,0,3,2,,oo 30,Track & Field,Sophmore,,,
,,04/09/22,,,p,31,18,90,6,2,0,3,3,3,,p 31,Volleyball,Senior,,,
,,04/09/22,,,pp,32,7.5,30,7,5,1,3,2,3,,pp 32,Table Tennis,Freshman,,,
,,04/09/22,,,q,33,9,165,7,2,1,4,2,2,,q 33,Rugby,Junior,,,
,,04/09/22,,,qq,34,7.5,30,8,3,1,2,4,4,,qq 34,Baseball,Sophmore,,,
,,04/09/22,,,r,35,9,180,3,2,2,4,5,2,,r 35,Badminton,Junior,,,
,,04/09/22,,,rr,36,19,60,6,2,5,3,3,1,,rr 36,Cross Country,Freshman,,,
,,04/09/22,,,s,37,12,135,10,5,5,2,4,2,,s 37,Table Tennis,Junior,,,
,,04/09/22,,,ss,38,10,165,9,2,5,5,5,3,,ss 38,Cross Country,Junior,,,
,,04/09/22,,,t,39,13,30,6,1,3,4,5,3,,t 39,Swimming,Senior,,,
,,04/09/22,,,tt,40,15,165,9,3,4,2,3,1,,tt 40,Volleyball,Sophmore,,,
,,04/09/22,,,u,41,12,45,6,2,5,3,2,1,,u 41,Track & Field,Sophmore,,,
,,04/09/22,,,uu,42,18,120,6,4,1,0,3,4,,uu 42,Tennis,Senior,,,
,,04/09/22,,,v,43,8,75,6,5,4,3,5,4,,v 43,Basketball,Junior,,,
,,04/09/22,,,vv,44,13,105,6,0,1,2,2,1,,vv 44,Table Tennis,Senior,,,
,,04/09/22,,,w,45,9,105,5,0,0,5,4,3,,w 45,Softball,Senior,,,
,,04/09/22,,,ww,46,20,75,6,4,4,3,4,5,,ww 46,Softball,Sophmore,,,
,,04/09/22,,,x,47,17,60,6,3,3,0,5,4,,x 47,Tennis,Senior,,,
,,04/09/22,,,xx,48,9,120,7,1,3,2,3,1,,xx 48,Rugby,Sophmore,,,
,,04/09/22,,,y,49,7.5,120,3,3,3,0,3,2,,y 49,Rugby,Junior,,,
,,04/09/22,,,yy,50,13,165,8,3,5,1,4,5,,yy 50,Rugby,Sophmore,,,
,,04/10/22,,,a,1,15,180,4,0,0,2,1,4,,a 1,Baseball,Freshman,,,
,,04/10/22,,,aa,2,18,150,6,0,0,2,3,2,,aa 2,Table Tennis,Freshman,,,
,,04/10/22,,,b,3,19,105,3,0,2,3,1,3,,b 3,Basketball,Junior,,,
,,04/10/22,,,bb,4,10,135,10,5,1,5,3,4,,bb 4,Basketball,Freshman,,,
,,04/10/22,,,c,5,20,150,8,1,4,3,1,3,,c 5,Table Tennis,Junior,,,
,,04/10/22,,,cc,6,9,45,6,5,3,4,5,1,,cc 6,Volleyball,Senior,,,
,,04/10/22,,,d,7,12,180,7,5,3,0,3,4,,d 7,Softball,Sophmore,,,
,,04/10/22,,,dd,8,16,45,8,1,5,3,2,4,,dd 8,Badminton,Senior,,,
,,04/10/22,,,e,9,11,180,8,1,2,1,3,3,,e 9,Softball,Freshman,,,
,,04/10/22,,,ee,10,14,180,10,1,2,2,5,3,,ee 10,Softball,Freshman,,,
,,04/10/22,,,f,11,14,30,5,5,1,1,3,3,,f 11,Baseball,Sophmore,,,
,,04/10/22,,,ff,12,8,90,3,3,5,4,5,1,,ff 12,Track & Field,Senior,,,
,,04/10/22,,,g,13,10,45,3,2,1,4,2,1,,g 13,Baseball,Junior,,,
,,04/10/22,,,gg,14,8,120,5,4,1,3,1,1,,gg 14,Tennis,Junior,,,
,,04/10/22,,,h,15,7,45,10,5,1,5,2,1,,h 15,Basketball,Sophmore,,,
,,04/10/22,,,hh,16,6,75,8,5,2,2,1,2,,hh 16,Badminton,Freshman,,,
,,04/10/22,,,i,17,6,60,8,2,5,4,5,2,,i 17,Baseball,Sophmore,,,
,,04/10/22,,,ii,18,17,150,8,3,0,0,5,3,,ii 18,Rugby,Junior,,,
,,04/10/22,,,j,19,17,105,4,3,4,1,2,2,,j 19,Baseball,Freshman,,,
,,04/10/22,,,jj,20,20,135,6,3,2,2,3,4,,jj 20,Cross Country,Freshman,,,
,,04/10/22,,,k,21,7.5,75,9,5,1,2,1,4,,k 21,Baseball,Junior,,,
,,04/10/22,,,kk,22,10,30,9,4,5,2,4,3,,kk 22,Volleyball,Freshman,,,
,,04/10/22,,,l,23,7,120,8,3,4,1,1,3,,l 23,Tennis,Junior,,,
,,04/10/22,,,ll,24,19,120,7,1,4,3,3,2,,ll 24,Volleyball,Junior,,,
,,04/10/22,,,m,25,8,60,8,2,0,5,4,5,,m 25,Soccer,Freshman,,,
,,04/10/22,,,mm,26,18,45,4,0,3,1,5,2,,mm 26,Table Tennis,Freshman,,,
,,04/10/22,,,n,27,6,75,10,4,4,5,5,4,,n 27,Swimming,Junior,,,
,,04/10/22,,,nn,28,7,75,4,4,5,3,4,4,,nn 28,Cross Country,Sophmore,,,
,,04/10/22,,,o,29,10,60,8,3,0,2,3,3,,o 29,Volleyball,Freshman,,,
,,04/10/22,,,oo,30,9,45,7,3,4,4,2,2,,oo 30,Track & Field,Sophmore,,,
,,04/10/22,,,p,31,8,135,6,2,5,1,4,1,,p 31,Volleyball,Senior,,,
,,04/10/22,,,pp,32,11,135,3,5,0,2,5,4,,pp 32,Table Tennis,Freshman,,,
,,04/10/22,,,q,33,18,60,8,0,0,4,2,1,,q 33,Rugby,Junior,,,
,,04/10/22,,,qq,34,17,30,6,4,3,3,2,1,,qq 34,Baseball,Sophmore,,,
,,04/10/22,,,r,35,8,90,9,0,5,3,3,4,,r 35,Badminton,Junior,,,
,,04/10/22,,,rr,36,8,135,10,0,5,4,2,3,,rr 36,Cross Country,Freshman,,,
,,04/10/22,,,s,37,6,150,9,5,1,2,1,2,,s 37,Table Tennis,Junior,,,
,,04/10/22,,,ss,38,6,105,9,0,3,5,3,5,,ss 38,Cross Country,Junior,,,
,,04/10/22,,,t,39,20,120,6,1,3,1,1,5,,t 39,Swimming,Senior,,,
,,04/10/22,,,tt,40,12,180,8,5,1,3,5,2,,tt 40,Volleyball,Sophmore,,,
,,04/10/22,,,u,41,14,75,4,4,3,5,4,1,,u 41,Track & Field,Sophmore,,,
,,04/10/22,,,uu,42,13,45,4,4,1,5,4,4,,uu 42,Tennis,Senior,,,
,,04/10/22,,,v,43,7,180,8,3,5,0,3,2,,v 43,Basketball,Junior,,,
,,04/10/22,,,vv,44,15,135,7,3,2,3,3,2,,vv 44,Table Tennis,Senior,,,
,,04/10/22,,,w,45,8,90,5,2,1,0,3,3,,w 45,Softball,Senior,,,
,,04/10/22,,,ww,46,9,150,7,0,0,0,5,1,,ww 46,Softball,Sophmore,,,
,,04/10/22,,,x,47,18,75,6,5,2,2,2,2,,x 47,Tennis,Senior,,,
,,04/10/22,,,xx,48,8,30,10,5,3,2,1,3,,xx 48,Rugby,Sophmore,,,
,,04/10/22,,,y,49,19,60,6,3,2,1,5,2,,y 49,Rugby,Junior,,,
,,04/10/22,,,yy,50,18,120,5,0,2,0,2,1,,yy 50,Rugby,Sophmore,,,
,,04/11/22,,,a,1,7.5,135,9,3,4,1,3,5,,a 1,Baseball,Freshman,,,
,,04/11/22,,,aa,2,7,150,7,0,2,0,2,5,,aa 2,Table Tennis,Freshman,,,
,,04/11/22,,,b,3,16,30,8,5,4,4,1,2,,b 3,Basketball,Junior,,,
,,04/11/22,,,bb,4,8,120,10,5,3,5,1,4,,bb 4,Basketball,Freshman,,,
,,04/11/22,,,c,5,13,60,7,2,5,0,4,2,,c 5,Table Tennis,Junior,,,
,,04/11/22,,,cc,6,7,30,4,0,2,4,1,5,,cc 6,Volleyball,Senior,,,
,,04/11/22,,,d,7,20,180,5,5,1,0,5,4,,d 7,Softball,Sophmore,,,
,,04/11/22,,,dd,8,12,60,5,3,3,5,4,2,,dd 8,Badminton,Senior,,,
,,04/11/22,,,e,9,14,90,5,0,0,4,3,5,,e 9,Softball,Freshman,,,
,,04/11/22,,,ee,10,20,180,7,5,4,2,3,2,,ee 10,Softball,Freshman,,,
,,04/11/22,,,f,11,14,45,7,4,3,2,3,1,,f 11,Baseball,Sophmore,,,
,,04/11/22,,,ff,12,10,60,5,2,1,1,1,1,,ff 12,Track & Field,Senior,,,
,,04/11/22,,,g,13,19,60,6,2,1,3,2,5,,g 13,Baseball,Junior,,,
,,04/11/22,,,gg,14,15,75,7,5,4,5,5,1,,gg 14,Tennis,Junior,,,
,,04/11/22,,,h,15,6,165,10,1,2,3,1,2,,h 15,Basketball,Sophmore,,,
,,04/11/22,,,hh,16,12,60,3,0,0,1,1,5,,hh 16,Badminton,Freshman,,,
,,04/11/22,,,i,17,10,135,8,2,2,2,1,3,,i 17,Baseball,Sophmore,,,
,,04/11/22,,,ii,18,16,90,5,1,3,3,1,1,,ii 18,Rugby,Junior,,,
,,04/11/22,,,j,19,14,105,8,0,1,4,1,1,,j 19,Baseball,Freshman,,,
,,04/11/22,,,jj,20,16,90,4,2,3,1,2,1,,jj 20,Cross Country,Freshman,,,
,,04/11/22,,,k,21,15,120,7,5,5,2,1,3,,k 21,Baseball,Junior,,,
,,04/11/22,,,kk,22,14,180,3,3,4,5,4,5,,kk 22,Volleyball,Freshman,,,
,,04/11/22,,,l,23,7,30,5,1,5,0,3,5,,l 23,Tennis,Junior,,,
,,04/11/22,,,ll,24,14,120,8,2,1,5,3,1,,ll 24,Volleyball,Junior,,,
,,04/11/22,,,m,25,15,135,6,0,2,5,3,2,,m 25,Soccer,Freshman,,,
,,04/11/22,,,mm,26,13,105,10,4,2,0,3,4,,mm 26,Table Tennis,Freshman,,,
,,04/11/22,,,n,27,15,30,5,0,2,0,3,5,,n 27,Swimming,Junior,,,
,,04/11/22,,,nn,28,20,105,8,1,3,2,5,2,,nn 28,Cross Country,Sophmore,,,
,,04/11/22,,,o,29,9,150,10,0,2,2,3,2,,o 29,Volleyball,Freshman,,,
,,04/11/22,,,oo,30,11,90,8,4,5,0,3,5,,oo 30,Track & Field,Sophmore,,,
,,04/11/22,,,p,31,8,150,7,1,5,0,1,5,,p 31,Volleyball,Senior,,,
,,04/11/22,,,pp,32,9,105,6,3,2,3,1,5,,pp 32,Table Tennis,Freshman,,,
,,04/11/22,,,q,33,6,120,6,5,4,4,1,3,,q 33,Rugby,Junior,,,
,,04/11/22,,,qq,34,17,120,9,4,0,4,4,3,,qq 34,Baseball,Sophmore,,,
,,04/11/22,,,r,35,14,120,4,4,5,0,5,5,,r 35,Badminton,Junior,,,
,,04/11/22,,,rr,36,20,90,6,4,2,2,2,3,,rr 36,Cross Country,Freshman,,,
,,04/11/22,,,s,37,11,45,4,1,5,0,2,4,,s 37,Table Tennis,Junior,,,
,,04/11/22,,,ss,38,17,135,4,5,3,3,2,2,,ss 38,Cross Country,Junior,,,
,,04/11/22,,,t,39,7.5,180,5,3,2,0,1,1,,t 39,Swimming,Senior,,,
,,04/11/22,,,tt,40,20,45,5,4,0,2,3,4,,tt 40,Volleyball,Sophmore,,,
,,04/11/22,,,u,41,7,45,8,5,5,4,5,5,,u 41,Track & Field,Sophmore,,,
,,04/11/22,,,uu,42,7,45,8,5,3,3,1,2,,uu 42,Tennis,Senior,,,
,,04/11/22,,,v,43,13,150,9,0,5,5,4,4,,v 43,Basketball,Junior,,,
,,04/11/22,,,vv,44,8,45,9,4,3,1,5,3,,vv 44,Table Tennis,Senior,,,
,,04/11/22,,,w,45,10,90,3,5,4,1,2,4,,w 45,Softball,Senior,,,
,,04/11/22,,,ww,46,13,60,8,1,0,3,2,2,,ww 46,Softball,Sophmore,,,
,,04/11/22,,,x,47,17,45,10,3,2,4,3,3,,x 47,Tennis,Senior,,,
,,04/11/22,,,xx,48,9,45,3,1,5,3,3,4,,xx 48,Rugby,Sophmore,,,
,,04/11/22,,,y,49,19,30,8,2,0,1,2,1,,y 49,Rugby,Junior,,,
,,04/11/22,,,yy,50,9,90,5,0,1,0,3,2,,yy 50,Rugby,Sophmore,,,
,,04/12/22,,,a,1,20,60,10,1,0,4,4,1,,a 1,Baseball,Freshman,,,
,,04/12/22,,,aa,2,9,30,8,1,3,3,1,5,,aa 2,Table Tennis,Freshman,,,
,,04/12/22,,,b,3,10,120,5,1,0,0,3,4,,b 3,Basketball,Junior,,,
,,04/12/22,,,bb,4,7,30,7,5,4,4,1,5,,bb 4,Basketball,Freshman,,,
,,04/12/22,,,c,5,9,135,7,2,1,4,3,3,,c 5,Table Tennis,Junior,,,
,,04/12/22,,,cc,6,13,165,8,2,1,2,3,3,,cc 6,Volleyball,Senior,,,
,,04/12/22,,,d,7,7,45,6,2,4,4,4,5,,d 7,Softball,Sophmore,,,
,,04/12/22,,,dd,8,6,150,5,3,1,4,3,2,,dd 8,Badminton,Senior,,,
,,04/12/22,,,e,9,20,165,4,5,2,0,5,2,,e 9,Softball,Freshman,,,
,,04/12/22,,,ee,10,13,165,5,4,4,0,5,3,,ee 10,Softball,Freshman,,,
,,04/12/22,,,f,11,10,105,7,1,2,0,1,4,,f 11,Baseball,Sophmore,,,
,,04/12/22,,,ff,12,10,30,5,5,0,3,4,5,,ff 12,Track & Field,Senior,,,
,,04/12/22,,,g,13,19,45,4,1,0,5,1,3,,g 13,Baseball,Junior,,,
,,04/12/22,,,gg,14,8,135,3,4,4,2,4,4,,gg 14,Tennis,Junior,,,
,,04/12/22,,,h,15,17,60,6,4,5,3,1,3,,h 15,Basketball,Sophmore,,,
,,04/12/22,,,hh,16,16,120,6,2,4,2,1,4,,hh 16,Badminton,Freshman,,,
,,04/12/22,,,i,17,13,150,10,4,0,4,5,4,,i 17,Baseball,Sophmore,,,
,,04/12/22,,,ii,18,8,150,9,2,3,3,3,5,,ii 18,Rugby,Junior,,,
,,04/12/22,,,j,19,17,30,5,2,0,1,4,1,,j 19,Baseball,Freshman,,,
,,04/12/22,,,jj,20,18,180,7,0,3,1,5,1,,jj 20,Cross Country,Freshman,,,
,,04/12/22,,,k,21,18,45,7,0,3,5,2,2,,k 21,Baseball,Junior,,,
,,04/12/22,,,kk,22,16,30,6,5,0,4,4,5,,kk 22,Volleyball,Freshman,,,
,,04/12/22,,,l,23,18,120,5,1,0,5,1,3,,l 23,Tennis,Junior,,,
,,04/12/22,,,ll,24,13,45,6,1,2,1,3,4,,ll 24,Volleyball,Junior,,,
,,04/12/22,,,m,25,20,60,10,1,0,1,4,4,,m 25,Soccer,Freshman,,,
,,04/12/22,,,mm,26,13,30,6,0,1,5,2,4,,mm 26,Table Tennis,Freshman,,,
,,04/12/22,,,n,27,10,60,4,4,3,4,3,4,,n 27,Swimming,Junior,,,
,,04/12/22,,,nn,28,9,90,9,5,2,3,1,5,,nn 28,Cross Country,Sophmore,,,
,,04/12/22,,,o,29,18,105,10,5,0,1,2,4,,o 29,Volleyball,Freshman,,,
,,04/12/22,,,oo,30,12,150,5,1,1,2,2,1,,oo 30,Track & Field,Sophmore,,,
,,04/12/22,,,p,31,7,180,7,5,3,5,5,3,,p 31,Volleyball,Senior,,,
,,04/12/22,,,pp,32,7,165,8,0,5,4,4,5,,pp 32,Table Tennis,Freshman,,,
,,04/12/22,,,q,33,19,135,5,2,2,4,5,4,,q 33,Rugby,Junior,,,
,,04/12/22,,,qq,34,6,150,9,3,4,1,4,4,,qq 34,Baseball,Sophmore,,,
,,04/12/22,,,r,35,19,120,7,0,1,2,1,5,,r 35,Badminton,Junior,,,
,,04/12/22,,,rr,36,13,105,7,2,5,2,1,4,,rr 36,Cross Country,Freshman,,,
,,04/12/22,,,s,37,15,135,5,5,3,2,3,5,,s 37,Table Tennis,Junior,,,
,,04/12/22,,,ss,38,10,150,4,3,3,1,3,4,,ss 38,Cross Country,Junior,,,
,,04/12/22,,,t,39,14,75,5,5,4,5,5,1,,t 39,Swimming,Senior,,,
,,04/12/22,,,tt,40,17,150,10,4,5,5,4,3,,tt 40,Volleyball,Sophmore,,,
,,04/12/22,,,u,41,17,45,5,3,1,2,2,1,,u 41,Track & Field,Sophmore,,,
,,04/12/22,,,uu,42,19,105,9,0,0,5,4,4,,uu 42,Tennis,Senior,,,
,,04/12/22,,,v,43,9,165,10,1,0,0,5,3,,v 43,Basketball,Junior,,,
,,04/12/22,,,vv,44,10,45,9,5,5,0,5,1,,vv 44,Table Tennis,Senior,,,
,,04/12/22,,,w,45,8,105,3,1,2,4,4,1,,w 45,Softball,Senior,,,
,,04/12/22,,,ww,46,19,90,5,1,4,1,3,2,,ww 46,Softball,Sophmore,,,
,,04/12/22,,,x,47,17,165,10,4,0,1,4,4,,x 47,Tennis,Senior,,,
,,04/12/22,,,xx,48,10,135,6,3,5,4,5,3,,xx 48,Rugby,Sophmore,,,
,,04/12/22,,,y,49,6,165,4,0,3,3,5,2,,y 49,Rugby,Junior,,,
,,04/12/22,,,yy,50,20,45,8,0,3,1,1,2,,yy 50,Rugby,Sophmore,,,
,,04/13/22,,,a,1,12,60,6,5,5,2,3,2,,a 1,Baseball,Freshman,,,
,,04/13/22,,,aa,2,15,75,4,2,1,2,2,4,,aa 2,Table Tennis,Freshman,,,
,,04/13/22,,,b,3,13,135,9,1,4,0,2,4,,b 3,Basketball,Junior,,,
,,04/13/22,,,bb,4,9,120,10,3,0,2,3,1,,bb 4,Basketball,Freshman,,,
,,04/13/22,,,c,5,6,135,6,5,4,4,5,4,,c 5,Table Tennis,Junior,,,
,,04/13/22,,,cc,6,20,90,5,3,4,4,1,1,,cc 6,Volleyball,Senior,,,
,,04/13/22,,,d,7,15,165,5,3,3,0,3,3,,d 7,Softball,Sophmore,,,
,,04/13/22,,,dd,8,20,135,10,5,4,1,2,1,,dd 8,Badminton,Senior,,,
,,04/13/22,,,e,9,7.5,90,3,1,0,1,3,4,,e 9,Softball,Freshman,,,
,,04/13/22,,,ee,10,19,30,5,4,0,1,1,1,,ee 10,Softball,Freshman,,,
,,04/13/22,,,f,11,13,90,8,3,5,1,2,3,,f 11,Baseball,Sophmore,,,
,,04/13/22,,,ff,12,15,105,5,5,0,5,1,5,,ff 12,Track & Field,Senior,,,
,,04/13/22,,,g,13,12,30,7,2,0,0,4,5,,g 13,Baseball,Junior,,,
,,04/13/22,,,gg,14,9,165,4,3,1,2,3,2,,gg 14,Tennis,Junior,,,
,,04/13/22,,,h,15,8,135,6,0,4,3,2,3,,h 15,Basketball,Sophmore,,,
,,04/13/22,,,hh,16,15,165,7,0,0,5,5,4,,hh 16,Badminton,Freshman,,,
,,04/13/22,,,i,17,8,60,10,2,5,3,4,5,,i 17,Baseball,Sophmore,,,
,,04/13/22,,,ii,18,15,105,7,5,3,5,4,2,,ii 18,Rugby,Junior,,,
,,04/13/22,,,j,19,7.5,75,7,2,4,5,5,5,,j 19,Baseball,Freshman,,,
,,04/13/22,,,jj,20,17,90,7,2,3,1,4,3,,jj 20,Cross Country,Freshman,,,
,,04/13/22,,,k,21,10,150,8,4,2,3,5,2,,k 21,Baseball,Junior,,,
,,04/13/22,,,kk,22,17,45,6,4,5,5,3,4,,kk 22,Volleyball,Freshman,,,
,,04/13/22,,,l,23,14,120,10,2,5,2,2,4,,l 23,Tennis,Junior,,,
,,04/13/22,,,ll,24,18,90,5,4,0,0,4,3,,ll 24,Volleyball,Junior,,,
,,04/13/22,,,m,25,14,75,5,3,5,3,1,1,,m 25,Soccer,Freshman,,,
,,04/13/22,,,mm,26,10,120,3,0,3,2,3,3,,mm 26,Table Tennis,Freshman,,,
,,04/13/22,,,n,27,12,45,6,2,5,3,4,3,,n 27,Swimming,Junior,,,
,,04/13/22,,,nn,28,16,120,8,0,5,2,5,4,,nn 28,Cross Country,Sophmore,,,
,,04/13/22,,,o,29,8,105,4,3,0,3,1,5,,o 29,Volleyball,Freshman,,,
,,04/13/22,,,oo,30,6,45,9,3,0,3,1,3,,oo 30,Track & Field,Sophmore,,,
,,04/13/22,,,p,31,11,135,6,5,5,1,2,2,,p 31,Volleyball,Senior,,,
,,04/13/22,,,pp,32,19,75,9,4,1,5,2,1,,pp 32,Table Tennis,Freshman,,,
,,04/13/22,,,q,33,16,30,7,2,2,1,1,5,,q 33,Rugby,Junior,,,
,,04/13/22,,,qq,34,14,180,6,1,5,0,1,4,,qq 34,Baseball,Sophmore,,,
,,04/13/22,,,r,35,16,105,3,4,3,5,4,2,,r 35,Badminton,Junior,,,
,,04/13/22,,,rr,36,11,90,3,0,1,1,3,2,,rr 36,Cross Country,Freshman,,,
,,04/13/22,,,s,37,12,105,7,2,2,4,2,5,,s 37,Table Tennis,Junior,,,
,,04/13/22,,,ss,38,19,165,3,4,5,2,4,5,,ss 38,Cross Country,Junior,,,
,,04/13/22,,,t,39,7,75,8,5,4,1,3,4,,t 39,Swimming,Senior,,,
,,04/13/22,,,tt,40,17,75,7,5,3,5,2,5,,tt 40,Volleyball,Sophmore,,,
,,04/13/22,,,u,41,18,120,6,5,0,0,2,3,,u 41,Track & Field,Sophmore,,,
,,04/13/22,,,uu,42,20,60,5,1,2,2,3,4,,uu 42,Tennis,Senior,,,
,,04/13/22,,,v,43,9,90,5,1,0,2,3,1,,v 43,Basketball,Junior,,,
,,04/13/22,,,vv,44,20,105,8,0,0,1,5,1,,vv 44,Table Tennis,Senior,,,
,,04/13/22,,,w,45,12,75,5,2,0,3,3,5,,w 45,Softball,Senior,,,
,,04/13/22,,,ww,46,17,45,6,5,3,2,5,4,,ww 46,Softball,Sophmore,,,
,,04/13/22,,,x,47,7,150,7,1,5,0,3,2,,x 47,Tennis,Senior,,,
,,04/13/22,,,xx,48,7.5,165,6,0,0,4,4,2,,xx 48,Rugby,Sophmore,,,
,,04/13/22,,,y,49,17,30,6,3,3,3,5,4,,y 49,Rugby,Junior,,,
,,04/13/22,,,yy,50,11,75,9,2,1,3,5,5,,yy 50,Rugby,Sophmore,,,
,,04/14/22,,,a,1,7,105,10,4,1,1,2,5,,a 1,Baseball,Freshman,,,
,,04/14/22,,,aa,2,17,180,7,1,5,0,4,3,,aa 2,Table Tennis,Freshman,,,
,,04/14/22,,,b,3,15,105,9,5,5,0,3,1,,b 3,Basketball,Junior,,,
,,04/14/22,,,bb,4,15,45,5,1,3,2,1,2,,bb 4,Basketball,Freshman,,,
,,04/14/22,,,c,5,10,30,4,5,4,5,5,5,,c 5,Table Tennis,Junior,,,
,,04/14/22,,,cc,6,20,60,5,5,1,0,5,5,,cc 6,Volleyball,Senior,,,
,,04/14/22,,,d,7,17,45,6,1,1,2,3,1,,d 7,Softball,Sophmore,,,
,,04/14/22,,,dd,8,8,150,7,0,0,4,5,1,,dd 8,Badminton,Senior,,,
,,04/14/22,,,e,9,19,30,10,0,3,1,3,2,,e 9,Softball,Freshman,,,
,,04/14/22,,,ee,10,18,60,4,2,0,5,1,3,,ee 10,Softball,Freshman,,,
,,04/14/22,,,f,11,6,135,4,0,0,2,3,3,,f 11,Baseball,Sophmore,,,
,,04/14/22,,,ff,12,20,90,9,3,3,2,1,4,,ff 12,Track & Field,Senior,,,
,,04/14/22,,,g,13,7,180,7,5,0,3,3,4,,g 13,Baseball,Junior,,,
,,04/14/22,,,gg,14,19,120,5,5,5,4,2,4,,gg 14,Tennis,Junior,,,
,,04/14/22,,,h,15,7.5,45,9,3,5,0,2,4,,h 15,Basketball,Sophmore,,,
,,04/14/22,,,hh,16,7.5,180,8,2,3,0,5,4,,hh 16,Badminton,Freshman,,,
,,04/14/22,,,i,17,7,105,7,1,0,3,3,1,,i 17,Baseball,Sophmore,,,
,,04/14/22,,,ii,18,16,135,4,2,0,4,2,4,,ii 18,Rugby,Junior,,,
,,04/14/22,,,j,19,16,165,10,5,3,1,4,3,,j 19,Baseball,Freshman,,,
,,04/14/22,,,jj,20,16,150,4,2,4,5,4,2,,jj 20,Cross Country,Freshman,,,
,,04/14/22,,,k,21,7.5,90,10,5,5,1,5,1,,k 21,Baseball,Junior,,,
,,04/14/22,,,kk,22,11,90,6,2,0,4,5,5,,kk 22,Volleyball,Freshman,,,
,,04/14/22,,,l,23,19,75,7,5,4,4,1,4,,l 23,Tennis,Junior,,,
,,04/14/22,,,ll,24,18,180,3,3,0,3,5,3,,ll 24,Volleyball,Junior,,,
,,04/14/22,,,m,25,20,60,9,0,4,0,5,5,,m 25,Soccer,Freshman,,,
,,04/14/22,,,mm,26,14,60,9,3,4,2,4,5,,mm 26,Table Tennis,Freshman,,,
,,04/14/22,,,n,27,14,75,8,1,4,2,1,5,,n 27,Swimming,Junior,,,
,,04/14/22,,,nn,28,15,105,4,1,1,5,5,5,,nn 28,Cross Country,Sophmore,,,
,,04/14/22,,,o,29,7,105,10,2,0,0,2,4,,o 29,Volleyball,Freshman,,,
,,04/14/22,,,oo,30,8,165,10,2,1,1,1,1,,oo 30,Track & Field,Sophmore,,,
,,04/14/22,,,p,31,17,120,7,3,5,0,2,1,,p 31,Volleyball,Senior,,,
,,04/14/22,,,pp,32,9,90,5,3,5,0,2,2,,pp 32,Table Tennis,Freshman,,,
,,04/14/22,,,q,33,16,135,8,1,3,5,2,2,,q 33,Rugby,Junior,,,
,,04/14/22,,,qq,34,15,60,8,5,2,2,5,1,,qq 34,Baseball,Sophmore,,,
,,04/14/22,,,r,35,10,150,3,5,3,4,1,2,,r 35,Badminton,Junior,,,
,,04/14/22,,,rr,36,17,75,7,2,1,1,1,3,,rr 36,Cross Country,Freshman,,,
,,04/14/22,,,s,37,14,105,4,4,4,0,4,5,,s 37,Table Tennis,Junior,,,
,,04/14/22,,,ss,38,13,180,4,0,0,4,5,2,,ss 38,Cross Country,Junior,,,
,,04/14/22,,,t,39,12,105,9,1,3,5,1,3,,t 39,Swimming,Senior,,,
,,04/14/22,,,tt,40,9,165,4,0,1,3,5,2,,tt 40,Volleyball,Sophmore,,,
,,04/14/22,,,u,41,7,165,5,5,4,4,4,3,,u 41,Track & Field,Sophmore,,,
,,04/14/22,,,uu,42,16,105,8,3,3,4,3,5,,uu 42,Tennis,Senior,,,
,,04/14/22,,,v,43,10,60,6,0,1,1,2,4,,v 43,Basketball,Junior,,,
,,04/14/22,,,vv,44,16,165,6,5,3,1,2,4,,vv 44,Table Tennis,Senior,,,
,,04/14/22,,,w,45,20,135,9,1,0,4,4,2,,w 45,Softball,Senior,,,
,,04/14/22,,,ww,46,20,60,10,2,0,4,2,2,,ww 46,Softball,Sophmore,,,
,,04/14/22,,,x,47,17,105,3,5,5,1,3,5,,x 47,Tennis,Senior,,,
,,04/14/22,,,xx,48,18,150,7,3,1,4,3,4,,xx 48,Rugby,Sophmore,,,
,,04/14/22,,,y,49,7,75,3,0,4,2,1,1,,y 49,Rugby,Junior,,,
,,04/14/22,,,yy,50,13,135,6,2,1,2,4,1,,yy 50,Rugby,Sophmore,,,
,,04/15/22,,,a,1,9,75,4,1,2,5,4,3,,a 1,Baseball,Freshman,,,
,,04/15/22,,,aa,2,12,75,4,4,4,3,1,5,,aa 2,Table Tennis,Freshman,,,
,,04/15/22,,,b,3,7,120,7,1,3,1,3,5,,b 3,Basketball,Junior,,,
,,04/15/22,,,bb,4,10,135,4,3,1,0,1,1,,bb 4,Basketball,Freshman,,,
,,04/15/22,,,c,5,19,60,9,5,2,1,3,4,,c 5,Table Tennis,Junior,,,
,,04/15/22,,,cc,6,13,90,4,2,0,2,2,1,,cc 6,Volleyball,Senior,,,
,,04/15/22,,,d,7,11,45,3,4,1,5,2,4,,d 7,Softball,Sophmore,,,
,,04/15/22,,,dd,8,19,90,3,2,2,4,2,2,,dd 8,Badminton,Senior,,,
,,04/15/22,,,e,9,15,30,3,4,4,3,3,3,,e 9,Softball,Freshman,,,
,,04/15/22,,,ee,10,8,90,7,2,2,5,5,3,,ee 10,Softball,Freshman,,,
,,04/15/22,,,f,11,18,120,3,3,3,1,1,3,,f 11,Baseball,Sophmore,,,
,,04/15/22,,,ff,12,18,105,4,5,0,1,5,4,,ff 12,Track & Field,Senior,,,
,,04/15/22,,,g,13,16,90,7,5,3,0,1,4,,g 13,Baseball,Junior,,,
,,04/15/22,,,gg,14,15,45,7,5,2,0,1,4,,gg 14,Tennis,Junior,,,
,,04/15/22,,,h,15,8,75,6,0,4,4,1,3,,h 15,Basketball,Sophmore,,,
,,04/15/22,,,hh,16,6,45,6,0,4,0,5,1,,hh 16,Badminton,Freshman,,,
,,04/15/22,,,i,17,17,120,5,3,0,5,5,3,,i 17,Baseball,Sophmore,,,
,,04/15/22,,,ii,18,18,150,4,1,0,5,2,1,,ii 18,Rugby,Junior,,,
,,04/15/22,,,j,19,19,75,7,5,1,3,3,3,,j 19,Baseball,Freshman,,,
,,04/15/22,,,jj,20,11,180,9,1,1,2,5,1,,jj 20,Cross Country,Freshman,,,
,,04/15/22,,,k,21,16,90,8,4,3,4,3,2,,k 21,Baseball,Junior,,,
,,04/15/22,,,kk,22,11,165,10,3,5,4,1,5,,kk 22,Volleyball,Freshman,,,
,,04/15/22,,,l,23,7.5,105,9,3,0,3,1,1,,l 23,Tennis,Junior,,,
,,04/15/22,,,ll,24,12,150,7,3,5,2,4,2,,ll 24,Volleyball,Junior,,,
,,04/15/22,,,m,25,15,150,5,4,5,5,2,1,,m 25,Soccer,Freshman,,,
,,04/15/22,,,mm,26,6,120,3,5,4,1,5,2,,mm 26,Table Tennis,Freshman,,,
,,04/15/22,,,n,27,14,45,6,0,4,5,1,1,,n 27,Swimming,Junior,,,
,,04/15/22,,,nn,28,10,120,6,3,2,0,4,4,,nn 28,Cross Country,Sophmore,,,
,,04/15/22,,,o,29,8,60,9,1,0,4,3,4,,o 29,Volleyball,Freshman,,,
,,04/15/22,,,oo,30,9,45,10,5,2,1,1,1,,oo 30,Track & Field,Sophmore,,,
,,04/15/22,,,p,31,11,75,4,5,3,3,4,4,,p 31,Volleyball,Senior,,,
,,04/15/22,,,pp,32,14,150,5,4,3,0,1,3,,pp 32,Table Tennis,Freshman,,,
,,04/15/22,,,q,33,10,120,6,0,1,0,4,2,,q 33,Rugby,Junior,,,
,,04/15/22,,,qq,34,20,120,8,5,5,2,5,2,,qq 34,Baseball,Sophmore,,,
,,04/15/22,,,r,35,15,180,9,1,3,5,5,3,,r 35,Badminton,Junior,,,
,,04/15/22,,,rr,36,11,75,7,0,5,0,1,3,,rr 36,Cross Country,Freshman,,,
,,04/15/22,,,s,37,10,120,3,1,5,2,2,5,,s 37,Table Tennis,Junior,,,
,,04/15/22,,,ss,38,7.5,30,4,4,1,3,4,5,,ss 38,Cross Country,Junior,,,
,,04/15/22,,,t,39,20,45,3,0,2,2,4,4,,t 39,Swimming,Senior,,,
,,04/15/22,,,tt,40,9,165,10,3,4,5,1,2,,tt 40,Volleyball,Sophmore,,,
,,04/15/22,,,u,41,16,180,9,0,1,5,3,3,,u 41,Track & Field,Sophmore,,,
,,04/15/22,,,uu,42,14,120,8,3,3,5,5,5,,uu 42,Tennis,Senior,,,
,,04/15/22,,,v,43,11,165,7,0,3,2,2,4,,v 43,Basketball,Junior,,,
,,04/15/22,,,vv,44,17,165,4,5,4,1,4,1,,vv 44,Table Tennis,Senior,,,
,,04/15/22,,,w,45,13,75,6,4,5,5,4,5,,w 45,Softball,Senior,,,
,,04/15/22,,,ww,46,19,105,8,4,0,4,5,1,,ww 46,Softball,Sophmore,,,
,,04/15/22,,,x,47,8,165,3,5,4,5,1,4,,x 47,Tennis,Senior,,,
,,04/15/22,,,xx,48,8,105,3,2,5,5,2,2,,xx 48,Rugby,Sophmore,,,
,,04/15/22,,,y,49,20,105,6,4,5,0,3,3,,y 49,Rugby,Junior,,,
,,04/15/22,,,yy,50,13,90,7,4,0,5,4,3,,yy 50,Rugby,Sophmore,,,
,,04/16/22,,,a,1,14,105,5,4,3,2,1,3,,a 1,Baseball,Freshman,,,
,,04/16/22,,,aa,2,6,90,9,5,4,1,1,3,,aa 2,Table Tennis,Freshman,,,
,,04/16/22,,,b,3,7.5,105,7,0,5,4,5,5,,b 3,Basketball,Junior,,,
,,04/16/22,,,bb,4,9,135,4,5,2,4,5,3,,bb 4,Basketball,Freshman,,,
,,04/16/22,,,c,5,20,180,5,4,3,0,2,2,,c 5,Table Tennis,Junior,,,
,,04/16/22,,,cc,6,18,165,9,2,2,1,4,3,,cc 6,Volleyball,Senior,,,
,,04/16/22,,,d,7,19,75,9,3,4,5,3,2,,d 7,Softball,Sophmore,,,
,,04/16/22,,,dd,8,18,105,6,5,4,3,1,3,,dd 8,Badminton,Senior,,,
,,04/16/22,,,e,9,12,135,5,0,2,0,5,5,,e 9,Softball,Freshman,,,
,,04/16/22,,,ee,10,10,165,3,1,5,0,5,2,,ee 10,Softball,Freshman,,,
,,04/16/22,,,f,11,19,60,3,4,1,2,4,3,,f 11,Baseball,Sophmore,,,
,,04/16/22,,,ff,12,9,30,9,1,1,5,4,2,,ff 12,Track & Field,Senior,,,
,,04/16/22,,,g,13,15,30,3,5,0,0,4,2,,g 13,Baseball,Junior,,,
,,04/16/22,,,gg,14,16,120,3,1,3,4,3,4,,gg 14,Tennis,Junior,,,
,,04/16/22,,,h,15,7.5,180,4,3,3,4,2,1,,h 15,Basketball,Sophmore,,,
,,04/16/22,,,hh,16,7,135,6,3,2,3,3,4,,hh 16,Badminton,Freshman,,,
,,04/16/22,,,i,17,7.5,105,6,2,0,1,5,1,,i 17,Baseball,Sophmore,,,
,,04/16/22,,,ii,18,20,105,6,1,4,5,5,3,,ii 18,Rugby,Junior,,,
,,04/16/22,,,j,19,20,90,3,4,1,4,3,1,,j 19,Baseball,Freshman,,,
,,04/16/22,,,jj,20,14,165,9,3,5,3,5,1,,jj 20,Cross Country,Freshman,,,
,,04/16/22,,,k,21,9,120,6,5,5,3,1,5,,k 21,Baseball,Junior,,,
,,04/16/22,,,kk,22,12,120,6,3,5,2,3,1,,kk 22,Volleyball,Freshman,,,
,,04/16/22,,,l,23,8,135,4,5,2,2,5,3,,l 23,Tennis,Junior,,,
,,04/16/22,,,ll,24,9,45,4,1,5,5,3,5,,ll 24,Volleyball,Junior,,,
,,04/16/22,,,m,25,9,180,8,2,0,3,2,5,,m 25,Soccer,Freshman,,,
,,04/16/22,,,mm,26,14,75,7,4,3,4,2,4,,mm 26,Table Tennis,Freshman,,,
,,04/16/22,,,n,27,18,75,7,5,2,3,1,5,,n 27,Swimming,Junior,,,
,,04/16/22,,,nn,28,7.5,60,6,4,3,4,4,3,,nn 28,Cross Country,Sophmore,,,
,,04/16/22,,,o,29,9,120,4,1,1,2,1,4,,o 29,Volleyball,Freshman,,,
,,04/16/22,,,oo,30,17,60,7,5,3,3,5,5,,oo 30,Track & Field,Sophmore,,,
,,04/16/22,,,p,31,15,120,10,4,5,1,4,1,,p 31,Volleyball,Senior,,,
,,04/16/22,,,pp,32,16,120,9,4,5,2,2,1,,pp 32,Table Tennis,Freshman,,,
,,04/16/22,,,q,33,12,30,10,5,5,3,2,1,,q 33,Rugby,Junior,,,
,,04/16/22,,,qq,34,18,180,3,3,3,3,4,5,,qq 34,Baseball,Sophmore,,,
,,04/16/22,,,r,35,12,60,10,1,5,0,2,5,,r 35,Badminton,Junior,,,
,,04/16/22,,,rr,36,7.5,150,7,3,4,3,5,4,,rr 36,Cross Country,Freshman,,,
,,04/16/22,,,s,37,12,135,10,3,4,3,4,2,,s 37,Table Tennis,Junior,,,
,,04/16/22,,,ss,38,9,45,3,2,2,3,3,3,,ss 38,Cross Country,Junior,,,
,,04/16/22,,,t,39,11,60,4,3,3,1,2,3,,t 39,Swimming,Senior,,,
,,04/16/22,,,tt,40,12,135,4,2,5,0,3,5,,tt 40,Volleyball,Sophmore,,,
,,04/16/22,,,u,41,12,60,4,2,3,1,2,3,,u 41,Track & Field,Sophmore,,,
,,04/16/22,,,uu,42,18,75,10,1,3,2,3,5,,uu 42,Tennis,Senior,,,
,,04/16/22,,,v,43,7,135,5,3,0,0,3,1,,v 43,Basketball,Junior,,,
,,04/16/22,,,vv,44,8,75,9,5,5,3,5,2,,vv 44,Table Tennis,Senior,,,
,,04/16/22,,,w,45,12,30,7,1,2,1,1,2,,w 45,Softball,Senior,,,
,,04/16/22,,,ww,46,11,180,3,4,3,0,2,3,,ww 46,Softball,Sophmore,,,
,,04/16/22,,,x,47,15,105,5,0,0,0,3,4,,x 47,Tennis,Senior,,,
,,04/16/22,,,xx,48,8,30,6,4,3,1,4,5,,xx 48,Rugby,Sophmore,,,
,,04/16/22,,,y,49,19,45,5,0,2,5,5,5,,y 49,Rugby,Junior,,,
,,04/16/22,,,yy,50,11,45,6,2,5,4,3,2,,yy 50,Rugby,Sophmore,,,
,,04/17/22,,,a,1,10,135,5,0,0,3,4,2,,a 1,Baseball,Freshman,,,
,,04/17/22,,,aa,2,20,120,3,4,5,4,3,3,,aa 2,Table Tennis,Freshman,,,
,,04/17/22,,,b,3,6,60,9,4,5,5,3,3,,b 3,Basketball,Junior,,,
,,04/17/22,,,bb,4,17,180,9,2,3,1,4,1,,bb 4,Basketball,Freshman,,,
,,04/17/22,,,c,5,9,165,4,0,5,1,2,3,,c 5,Table Tennis,Junior,,,
,,04/17/22,,,cc,6,16,135,8,4,4,4,2,2,,cc 6,Volleyball,Senior,,,
,,04/17/22,,,d,7,7,90,9,0,1,0,1,2,,d 7,Softball,Sophmore,,,
,,04/17/22,,,dd,8,20,180,8,3,3,0,3,5,,dd 8,Badminton,Senior,,,
,,04/17/22,,,e,9,6,60,5,5,1,0,4,1,,e 9,Softball,Freshman,,,
,,04/17/22,,,ee,10,17,105,7,0,3,1,3,3,,ee 10,Softball,Freshman,,,
,,04/17/22,,,f,11,13,30,8,2,5,5,3,3,,f 11,Baseball,Sophmore,,,
,,04/17/22,,,ff,12,6,135,5,3,4,3,3,4,,ff 12,Track & Field,Senior,,,
,,04/17/22,,,g,13,16,180,9,2,5,4,5,3,,g 13,Baseball,Junior,,,
,,04/17/22,,,gg,14,7,120,4,3,4,1,5,1,,gg 14,Tennis,Junior,,,
,,04/17/22,,,h,15,19,120,7,4,3,4,3,2,,h 15,Basketball,Sophmore,,,
,,04/17/22,,,hh,16,6,120,4,3,4,4,3,4,,hh 16,Badminton,Freshman,,,
,,04/17/22,,,i,17,7.5,105,5,0,5,4,3,4,,i 17,Baseball,Sophmore,,,
,,04/17/22,,,ii,18,16,45,4,0,1,5,5,1,,ii 18,Rugby,Junior,,,
,,04/17/22,,,j,19,6,105,4,1,3,5,2,5,,j 19,Baseball,Freshman,,,
,,04/17/22,,,jj,20,11,90,7,3,5,5,2,4,,jj 20,Cross Country,Freshman,,,
,,04/17/22,,,k,21,6,135,10,0,0,3,1,5,,k 21,Baseball,Junior,,,
,,04/17/22,,,kk,22,7,30,8,2,5,0,2,3,,kk 22,Volleyball,Freshman,,,
,,04/17/22,,,l,23,7,60,4,3,0,4,2,2,,l 23,Tennis,Junior,,,
,,04/17/22,,,ll,24,20,45,5,5,5,4,1,3,,ll 24,Volleyball,Junior,,,
,,04/17/22,,,m,25,18,180,8,0,5,2,5,1,,m 25,Soccer,Freshman,,,
,,04/17/22,,,mm,26,17,150,4,2,4,4,3,1,,mm 26,Table Tennis,Freshman,,,
,,04/17/22,,,n,27,6,45,5,4,5,3,1,1,,n 27,Swimming,Junior,,,
,,04/17/22,,,nn,28,15,30,7,0,4,5,3,2,,nn 28,Cross Country,Sophmore,,,
,,04/17/22,,,o,29,13,165,9,4,1,3,5,1,,o 29,Volleyball,Freshman,,,
,,04/17/22,,,oo,30,14,90,8,1,4,2,4,2,,oo 30,Track & Field,Sophmore,,,
,,04/17/22,,,p,31,7.5,30,10,5,2,4,4,2,,p 31,Volleyball,Senior,,,
,,04/17/22,,,pp,32,18,120,10,4,0,1,3,5,,pp 32,Table Tennis,Freshman,,,
,,04/17/22,,,q,33,18,45,3,5,0,4,5,2,,q 33,Rugby,Junior,,,
,,04/17/22,,,qq,34,15,90,9,3,3,5,4,5,,qq 34,Baseball,Sophmore,,,
,,04/17/22,,,r,35,7,105,7,4,5,4,3,2,,r 35,Badminton,Junior,,,
,,04/17/22,,,rr,36,8,120,9,3,5,4,2,2,,rr 36,Cross Country,Freshman,,,
,,04/17/22,,,s,37,7.5,120,7,2,3,4,2,5,,s 37,Table Tennis,Junior,,,
,,04/17/22,,,ss,38,12,60,3,0,3,2,3,3,,ss 38,Cross Country,Junior,,,
,,04/17/22,,,t,39,17,30,5,3,1,4,5,2,,t 39,Swimming,Senior,,,
,,04/17/22,,,tt,40,12,165,3,3,5,1,5,3,,tt 40,Volleyball,Sophmore,,,
,,04/17/22,,,u,41,18,120,8,2,3,2,1,5,,u 41,Track & Field,Sophmore,,,
,,04/17/22,,,uu,42,9,180,3,0,1,4,2,3,,uu 42,Tennis,Senior,,,
,,04/17/22,,,v,43,7,45,10,3,3,4,3,4,,v 43,Basketball,Junior,,,
,,04/17/22,,,vv,44,20,90,5,1,4,3,4,5,,vv 44,Table Tennis,Senior,,,
,,04/17/22,,,w,45,17,105,3,3,0,1,3,1,,w 45,Softball,Senior,,,
,,04/17/22,,,ww,46,7,45,4,5,5,2,1,4,,ww 46,Softball,Sophmore,,,
,,04/17/22,,,x,47,7,45,7,0,0,2,1,4,,x 47,Tennis,Senior,,,
,,04/17/22,,,xx,48,15,30,7,0,5,5,2,5,,xx 48,Rugby,Sophmore,,,
,,04/17/22,,,y,49,9,165,5,3,5,0,3,1,,y 49,Rugby,Junior,,,
,,04/17/22,,,yy,50,6,135,9,0,2,3,3,5,,yy 50,Rugby,Sophmore,,,
,,04/18/22,,,a,1,13,75,10,2,4,3,2,5,,a 1,Baseball,Freshman,,,
,,04/18/22,,,aa,2,11,60,8,3,2,5,4,1,,aa 2,Table Tennis,Freshman,,,
,,04/18/22,,,b,3,13,90,5,0,4,2,5,4,,b 3,Basketball,Junior,,,
,,04/18/22,,,bb,4,14,105,6,1,0,3,3,2,,bb 4,Basketball,Freshman,,,
,,04/18/22,,,c,5,10,180,3,0,1,2,3,5,,c 5,Table Tennis,Junior,,,
,,04/18/22,,,cc,6,16,105,4,1,2,3,5,5,,cc 6,Volleyball,Senior,,,
,,04/18/22,,,d,7,7,180,3,0,4,5,1,2,,d 7,Softball,Sophmore,,,
,,04/18/22,,,dd,8,15,180,10,4,1,5,4,1,,dd 8,Badminton,Senior,,,
,,04/18/22,,,e,9,20,150,5,1,0,1,5,1,,e 9,Softball,Freshman,,,
,,04/18/22,,,ee,10,15,30,5,2,5,1,1,4,,ee 10,Softball,Freshman,,,
,,04/18/22,,,f,11,8,75,10,3,2,1,4,1,,f 11,Baseball,Sophmore,,,
,,04/18/22,,,ff,12,6,75,5,4,0,0,5,3,,ff 12,Track & Field,Senior,,,
,,04/18/22,,,g,13,18,75,5,0,2,4,4,1,,g 13,Baseball,Junior,,,
,,04/18/22,,,gg,14,18,105,5,4,4,5,3,1,,gg 14,Tennis,Junior,,,
,,04/18/22,,,h,15,19,45,10,3,1,1,3,1,,h 15,Basketball,Sophmore,,,
,,04/18/22,,,hh,16,13,60,4,0,2,4,4,4,,hh 16,Badminton,Freshman,,,
,,04/18/22,,,i,17,16,120,9,1,5,4,5,2,,i 17,Baseball,Sophmore,,,
,,04/18/22,,,ii,18,8,120,5,3,0,3,1,1,,ii 18,Rugby,Junior,,,
,,04/18/22,,,j,19,6,135,6,3,0,3,3,4,,j 19,Baseball,Freshman,,,
,,04/18/22,,,jj,20,19,45,3,3,5,0,1,3,,jj 20,Cross Country,Freshman,,,
,,04/18/22,,,k,21,15,45,4,4,1,4,3,5,,k 21,Baseball,Junior,,,
,,04/18/22,,,kk,22,13,120,5,0,3,1,1,3,,kk 22,Volleyball,Freshman,,,
,,04/18/22,,,l,23,20,45,4,5,4,4,2,1,,l 23,Tennis,Junior,,,
,,04/18/22,,,ll,24,16,135,8,4,1,4,3,1,,ll 24,Volleyball,Junior,,,
,,04/18/22,,,m,25,9,105,9,3,3,5,1,3,,m 25,Soccer,Freshman,,,
,,04/18/22,,,mm,26,13,60,4,2,2,2,4,3,,mm 26,Table Tennis,Freshman,,,
,,04/18/22,,,n,27,19,120,4,2,1,2,5,1,,n 27,Swimming,Junior,,,
,,04/18/22,,,nn,28,7,105,4,4,2,3,1,2,,nn 28,Cross Country,Sophmore,,,
,,04/18/22,,,o,29,17,180,6,4,1,5,2,4,,o 29,Volleyball,Freshman,,,
,,04/18/22,,,oo,30,13,75,8,4,3,3,3,2,,oo 30,Track & Field,Sophmore,,,
,,04/18/22,,,p,31,11,150,10,0,3,4,2,4,,p 31,Volleyball,Senior,,,
,,04/18/22,,,pp,32,11,135,6,3,5,5,3,5,,pp 32,Table Tennis,Freshman,,,
,,04/18/22,,,q,33,19,150,7,0,4,0,3,2,,q 33,Rugby,Junior,,,
,,04/18/22,,,qq,34,10,180,6,5,5,5,3,4,,qq 34,Baseball,Sophmore,,,
,,04/18/22,,,r,35,16,180,7,4,5,3,2,1,,r 35,Badminton,Junior,,,
,,04/18/22,,,rr,36,15,150,5,2,0,1,2,4,,rr 36,Cross Country,Freshman,,,
,,04/18/22,,,s,37,20,105,4,5,4,2,4,3,,s 37,Table Tennis,Junior,,,
,,04/18/22,,,ss,38,8,105,5,3,5,0,5,4,,ss 38,Cross Country,Junior,,,
,,04/18/22,,,t,39,18,90,10,1,4,0,4,2,,t 39,Swimming,Senior,,,
,,04/18/22,,,tt,40,7,180,3,5,1,0,2,4,,tt 40,Volleyball,Sophmore,,,
,,04/18/22,,,u,41,18,75,3,2,3,4,4,4,,u 41,Track & Field,Sophmore,,,
,,04/18/22,,,uu,42,12,165,8,1,0,1,3,5,,uu 42,Tennis,Senior,,,
,,04/18/22,,,v,43,8,150,5,1,1,3,2,3,,v 43,Basketball,Junior,,,
,,04/18/22,,,vv,44,19,105,6,2,4,5,2,5,,vv 44,Table Tennis,Senior,,,
,,04/18/22,,,w,45,6,30,8,2,0,2,1,5,,w 45,Softball,Senior,,,
,,04/18/22,,,ww,46,15,30,3,1,5,1,2,2,,ww 46,Softball,Sophmore,,,
,,04/18/22,,,x,47,18,45,7,2,3,2,2,2,,x 47,Tennis,Senior,,,
,,04/18/22,,,xx,48,18,120,10,1,5,1,4,5,,xx 48,Rugby,Sophmore,,,
,,04/18/22,,,y,49,10,30,8,5,4,3,3,5,,y 49,Rugby,Junior,,,
,,04/18/22,,,yy,50,13,30,9,4,0,3,4,5,,yy 50,Rugby,Sophmore,,,
,,04/19/22,,,a,1,10,90,3,3,5,0,1,2,,a 1,Baseball,Freshman,,,
,,04/19/22,,,aa,2,7,135,8,2,4,5,5,2,,aa 2,Table Tennis,Freshman,,,
,,04/19/22,,,b,3,8,150,5,0,1,4,4,4,,b 3,Basketball,Junior,,,
,,04/19/22,,,bb,4,19,120,3,1,0,5,2,1,,bb 4,Basketball,Freshman,,,
,,04/19/22,,,c,5,7,150,7,4,3,1,2,5,,c 5,Table Tennis,Junior,,,
,,04/19/22,,,cc,6,17,60,7,2,0,2,5,1,,cc 6,Volleyball,Senior,,,
,,04/19/22,,,d,7,16,165,10,1,3,5,5,3,,d 7,Softball,Sophmore,,,
,,04/19/22,,,dd,8,17,180,3,3,5,1,5,5,,dd 8,Badminton,Senior,,,
,,04/19/22,,,e,9,19,30,7,0,1,0,4,1,,e 9,Softball,Freshman,,,
,,04/19/22,,,ee,10,19,90,10,4,5,5,4,2,,ee 10,Softball,Freshman,,,
,,04/19/22,,,f,11,17,180,3,5,3,5,3,4,,f 11,Baseball,Sophmore,,,
,,04/19/22,,,ff,12,12,60,3,2,1,5,3,5,,ff 12,Track & Field,Senior,,,
,,04/19/22,,,g,13,6,150,4,0,3,1,1,1,,g 13,Baseball,Junior,,,
,,04/19/22,,,gg,14,7.5,120,5,0,5,1,3,1,,gg 14,Tennis,Junior,,,
,,04/19/22,,,h,15,15,120,9,2,5,0,3,2,,h 15,Basketball,Sophmore,,,
,,04/19/22,,,hh,16,13,135,6,0,4,4,5,4,,hh 16,Badminton,Freshman,,,
,,04/19/22,,,i,17,19,30,7,2,1,1,2,3,,i 17,Baseball,Sophmore,,,
,,04/19/22,,,ii,18,11,105,4,1,5,0,1,2,,ii 18,Rugby,Junior,,,
,,04/19/22,,,j,19,16,60,7,4,3,4,5,3,,j 19,Baseball,Freshman,,,
,,04/19/22,,,jj,20,9,180,4,5,5,0,4,1,,jj 20,Cross Country,Freshman,,,
,,04/19/22,,,k,21,11,165,6,0,0,5,5,4,,k 21,Baseball,Junior,,,
,,04/19/22,,,kk,22,15,90,9,3,2,2,5,1,,kk 22,Volleyball,Freshman,,,
,,04/19/22,,,l,23,16,165,7,2,5,5,1,3,,l 23,Tennis,Junior,,,
,,04/19/22,,,ll,24,9,135,5,1,5,1,4,1,,ll 24,Volleyball,Junior,,,
,,04/19/22,,,m,25,19,60,9,5,4,0,4,2,,m 25,Soccer,Freshman,,,
,,04/19/22,,,mm,26,16,180,10,4,5,3,1,4,,mm 26,Table Tennis,Freshman,,,
,,04/19/22,,,n,27,11,60,3,1,0,4,5,5,,n 27,Swimming,Junior,,,
,,04/19/22,,,nn,28,14,165,6,3,4,4,3,1,,nn 28,Cross Country,Sophmore,,,
,,04/19/22,,,o,29,6,165,10,1,4,4,3,1,,o 29,Volleyball,Freshman,,,
,,04/19/22,,,oo,30,12,30,3,4,3,3,3,5,,oo 30,Track & Field,Sophmore,,,
,,04/19/22,,,p,31,9,105,5,2,1,2,2,1,,p 31,Volleyball,Senior,,,
,,04/19/22,,,pp,32,6,150,8,0,2,1,4,3,,pp 32,Table Tennis,Freshman,,,
,,04/19/22,,,q,33,7,45,10,0,5,3,4,1,,q 33,Rugby,Junior,,,
,,04/19/22,,,qq,34,20,150,3,3,3,2,2,5,,qq 34,Baseball,Sophmore,,,
,,04/19/22,,,r,35,19,105,8,2,1,2,1,1,,r 35,Badminton,Junior,,,
,,04/19/22,,,rr,36,19,75,6,1,1,1,1,2,,rr 36,Cross Country,Freshman,,,
,,04/19/22,,,s,37,6,90,9,0,2,2,5,2,,s 37,Table Tennis,Junior,,,
,,04/19/22,,,ss,38,17,45,6,4,5,0,5,2,,ss 38,Cross Country,Junior,,,
,,04/19/22,,,t,39,17,30,10,0,4,3,3,4,,t 39,Swimming,Senior,,,
,,04/19/22,,,tt,40,10,120,7,2,0,4,2,5,,tt 40,Volleyball,Sophmore,,,
,,04/19/22,,,u,41,9,180,9,5,4,2,2,1,,u 41,Track & Field,Sophmore,,,
,,04/19/22,,,uu,42,9,180,6,1,2,3,2,3,,uu 42,Tennis,Senior,,,
,,04/19/22,,,v,43,17,150,10,5,5,0,3,3,,v 43,Basketball,Junior,,,
,,04/19/22,,,vv,44,16,120,9,1,3,4,3,1,,vv 44,Table Tennis,Senior,,,
,,04/19/22,,,w,45,12,105,6,1,4,3,3,1,,w 45,Softball,Senior,,,
,,04/19/22,,,ww,46,16,150,9,1,4,2,3,5,,ww 46,Softball,Sophmore,,,
,,04/19/22,,,x,47,16,90,5,4,4,2,1,2,,x 47,Tennis,Senior,,,
,,04/19/22,,,xx,48,16,120,5,2,1,2,5,1,,xx 48,Rugby,Sophmore,,,
,,04/19/22,,,y,49,7,165,9,3,0,3,5,2,,y 49,Rugby,Junior,,,
,,04/19/22,,,yy,50,6,165,9,5,3,4,5,3,,yy 50,Rugby,Sophmore,,,
,,04/20/22,,,a,1,7,180,3,1,2,0,5,2,,a 1,Baseball,Freshman,,,
,,04/20/22,,,aa,2,11,165,9,4,3,4,4,1,,aa 2,Table Tennis,Freshman,,,
,,04/20/22,,,b,3,6,135,5,0,0,4,3,5,,b 3,Basketball,Junior,,,
,,04/20/22,,,bb,4,20,180,7,4,5,0,1,1,,bb 4,Basketball,Freshman,,,
,,04/20/22,,,c,5,13,75,6,1,0,0,3,5,,c 5,Table Tennis,Junior,,,
,,04/20/22,,,cc,6,8,135,6,2,0,2,4,3,,cc 6,Volleyball,Senior,,,
,,04/20/22,,,d,7,9,135,8,0,1,5,1,1,,d 7,Softball,Sophmore,,,
,,04/20/22,,,dd,8,12,60,9,4,1,3,5,3,,dd 8,Badminton,Senior,,,
,,04/20/22,,,e,9,11,105,8,1,2,1,4,2,,e 9,Softball,Freshman,,,
,,04/20/22,,,ee,10,17,135,9,1,0,2,2,2,,ee 10,Softball,Freshman,,,
,,04/20/22,,,f,11,20,30,10,0,0,0,2,4,,f 11,Baseball,Sophmore,,,
,,04/20/22,,,ff,12,10,165,10,5,1,1,1,1,,ff 12,Track & Field,Senior,,,
,,04/20/22,,,g,13,20,150,4,5,0,3,4,5,,g 13,Baseball,Junior,,,
,,04/20/22,,,gg,14,7,165,6,5,2,3,3,2,,gg 14,Tennis,Junior,,,
,,04/20/22,,,h,15,19,90,6,3,2,0,3,4,,h 15,Basketball,Sophmore,,,
,,04/20/22,,,hh,16,15,90,8,0,2,1,2,5,,hh 16,Badminton,Freshman,,,
,,04/20/22,,,i,17,14,60,9,0,2,1,4,3,,i 17,Baseball,Sophmore,,,
,,04/20/22,,,ii,18,12,60,5,5,1,3,4,3,,ii 18,Rugby,Junior,,,
,,04/20/22,,,j,19,14,150,5,0,4,2,5,2,,j 19,Baseball,Freshman,,,
,,04/20/22,,,jj,20,20,30,4,2,4,3,3,4,,jj 20,Cross Country,Freshman,,,
,,04/20/22,,,k,21,16,150,5,4,3,2,1,4,,k 21,Baseball,Junior,,,
,,04/20/22,,,kk,22,11,165,10,0,4,1,2,1,,kk 22,Volleyball,Freshman,,,
,,04/20/22,,,l,23,10,30,8,2,0,0,5,1,,l 23,Tennis,Junior,,,
,,04/20/22,,,ll,24,7.5,180,4,2,1,0,5,5,,ll 24,Volleyball,Junior,,,
,,04/20/22,,,m,25,9,120,6,4,0,5,5,2,,m 25,Soccer,Freshman,,,
,,04/20/22,,,mm,26,7,180,6,5,2,5,4,5,,mm 26,Table Tennis,Freshman,,,
,,04/20/22,,,n,27,14,105,9,5,0,3,1,4,,n 27,Swimming,Junior,,,
,,04/20/22,,,nn,28,17,165,7,5,4,5,4,5,,nn 28,Cross Country,Sophmore,,,
,,04/20/22,,,o,29,13,150,6,4,5,1,2,5,,o 29,Volleyball,Freshman,,,
,,04/20/22,,,oo,30,9,75,6,5,3,4,1,2,,oo 30,Track & Field,Sophmore,,,
,,04/20/22,,,p,31,17,120,5,2,3,0,2,2,,p 31,Volleyball,Senior,,,
,,04/20/22,,,pp,32,16,105,3,2,2,5,5,4,,pp 32,Table Tennis,Freshman,,,
,,04/20/22,,,q,33,6,105,4,1,2,5,2,5,,q 33,Rugby,Junior,,,
,,04/20/22,,,qq,34,15,120,7,5,0,3,3,4,,qq 34,Baseball,Sophmore,,,
,,04/20/22,,,r,35,16,105,7,3,2,5,1,4,,r 35,Badminton,Junior,,,
,,04/20/22,,,rr,36,17,180,10,5,4,2,3,2,,rr 36,Cross Country,Freshman,,,
,,04/20/22,,,s,37,10,180,8,1,2,0,2,2,,s 37,Table Tennis,Junior,,,
,,04/20/22,,,ss,38,7.5,105,9,1,4,5,3,5,,ss 38,Cross Country,Junior,,,
,,04/20/22,,,t,39,14,180,8,3,5,1,5,2,,t 39,Swimming,Senior,,,
,,04/20/22,,,tt,40,16,30,4,4,0,5,1,2,,tt 40,Volleyball,Sophmore,,,
,,04/20/22,,,u,41,20,60,4,2,2,4,2,5,,u 41,Track & Field,Sophmore,,,
,,04/20/22,,,uu,42,11,75,4,4,4,3,5,5,,uu 42,Tennis,Senior,,,
,,04/20/22,,,v,43,8,30,3,4,4,4,2,4,,v 43,Basketball,Junior,,,
,,04/20/22,,,vv,44,19,45,4,1,0,0,2,1,,vv 44,Table Tennis,Senior,,,
,,04/20/22,,,w,45,7,180,4,1,5,3,4,4,,w 45,Softball,Senior,,,
,,04/20/22,,,ww,46,17,60,8,3,1,1,2,4,,ww 46,Softball,Sophmore,,,
,,04/20/22,,,x,47,7.5,30,7,5,0,1,1,3,,x 47,Tennis,Senior,,,
,,04/20/22,,,xx,48,15,150,7,1,2,4,5,4,,xx 48,Rugby,Sophmore,,,
,,04/20/22,,,y,49,17,90,5,0,4,5,5,2,,y 49,Rugby,Junior,,,
,,04/20/22,,,yy,50,11,165,6,2,0,1,1,3,,yy 50,Rugby,Sophmore,,,
,,04/21/22,,,a,1,7,30,7,2,4,2,2,5,,a 1,Baseball,Freshman,,,
,,04/21/22,,,aa,2,7.5,75,6,2,4,2,1,5,,aa 2,Table Tennis,Freshman,,,
,,04/21/22,,,b,3,19,90,8,2,4,1,2,4,,b 3,Basketball,Junior,,,
,,04/21/22,,,bb,4,13,45,8,5,1,0,4,1,,bb 4,Basketball,Freshman,,,
,,04/21/22,,,c,5,16,135,9,2,3,0,5,3,,c 5,Table Tennis,Junior,,,
,,04/21/22,,,cc,6,17,120,8,5,4,4,2,2,,cc 6,Volleyball,Senior,,,
,,04/21/22,,,d,7,15,30,4,1,2,0,4,2,,d 7,Softball,Sophmore,,,
,,04/21/22,,,dd,8,17,30,6,3,2,5,5,4,,dd 8,Badminton,Senior,,,
,,04/21/22,,,e,9,11,135,4,4,4,4,2,5,,e 9,Softball,Freshman,,,
,,04/21/22,,,ee,10,10,60,8,4,0,2,4,5,,ee 10,Softball,Freshman,,,
,,04/21/22,,,f,11,17,75,7,4,3,1,4,2,,f 11,Baseball,Sophmore,,,
,,04/21/22,,,ff,12,14,75,6,3,4,2,3,1,,ff 12,Track & Field,Senior,,,
,,04/21/22,,,g,13,15,75,9,1,5,3,4,4,,g 13,Baseball,Junior,,,
,,04/21/22,,,gg,14,13,120,5,3,5,3,5,1,,gg 14,Tennis,Junior,,,
,,04/21/22,,,h,15,6,45,8,5,1,5,5,1,,h 15,Basketball,Sophmore,,,
,,04/21/22,,,hh,16,8,150,6,3,4,4,4,1,,hh 16,Badminton,Freshman,,,
,,04/21/22,,,i,17,9,120,4,4,1,4,1,5,,i 17,Baseball,Sophmore,,,
,,04/21/22,,,ii,18,7.5,105,9,2,4,5,1,1,,ii 18,Rugby,Junior,,,
,,04/21/22,,,j,19,17,60,10,5,2,1,5,1,,j 19,Baseball,Freshman,,,
,,04/21/22,,,jj,20,16,150,6,5,3,2,4,5,,jj 20,Cross Country,Freshman,,,
,,04/21/22,,,k,21,20,45,7,4,3,3,4,3,,k 21,Baseball,Junior,,,
,,04/21/22,,,kk,22,7,150,3,5,1,0,2,5,,kk 22,Volleyball,Freshman,,,
,,04/21/22,,,l,23,9,60,9,4,4,2,5,3,,l 23,Tennis,Junior,,,
,,04/21/22,,,ll,24,8,120,10,5,1,2,5,1,,ll 24,Volleyball,Junior,,,
,,04/21/22,,,m,25,9,45,8,3,4,2,4,2,,m 25,Soccer,Freshman,,,
,,04/21/22,,,mm,26,11,165,10,2,2,2,5,1,,mm 26,Table Tennis,Freshman,,,
,,04/21/22,,,n,27,18,150,6,1,1,4,3,4,,n 27,Swimming,Junior,,,
,,04/21/22,,,nn,28,16,165,6,1,3,1,3,4,,nn 28,Cross Country,Sophmore,,,
,,04/21/22,,,o,29,18,150,8,5,5,5,2,5,,o 29,Volleyball,Freshman,,,
,,04/21/22,,,oo,30,18,90,9,2,4,1,4,2,,oo 30,Track & Field,Sophmore,,,
,,04/21/22,,,p,31,19,120,6,1,2,5,4,4,,p 31,Volleyball,Senior,,,
,,04/21/22,,,pp,32,7,180,10,2,2,3,4,4,,pp 32,Table Tennis,Freshman,,,
,,04/21/22,,,q,33,13,60,9,3,1,0,2,4,,q 33,Rugby,Junior,,,
,,04/21/22,,,qq,34,18,45,9,3,2,3,4,3,,qq 34,Baseball,Sophmore,,,
,,04/21/22,,,r,35,7,135,9,5,3,2,4,4,,r 35,Badminton,Junior,,,
,,04/21/22,,,rr,36,10,105,9,5,5,5,4,5,,rr 36,Cross Country,Freshman,,,
,,04/21/22,,,s,37,6,120,6,2,2,1,4,5,,s 37,Table Tennis,Junior,,,
,,04/21/22,,,ss,38,7.5,30,8,4,5,2,2,3,,ss 38,Cross Country,Junior,,,
,,04/21/22,,,t,39,20,90,7,0,4,3,5,1,,t 39,Swimming,Senior,,,
,,04/21/22,,,tt,40,10,120,9,2,5,0,4,4,,tt 40,Volleyball,Sophmore,,,
,,04/21/22,,,u,41,14,45,9,3,2,0,2,1,,u 41,Track & Field,Sophmore,,,
,,04/21/22,,,uu,42,18,75,4,3,1,2,2,1,,uu 42,Tennis,Senior,,,
,,04/21/22,,,v,43,13,90,6,5,1,2,1,4,,v 43,Basketball,Junior,,,
,,04/21/22,,,vv,44,13,60,5,4,3,2,2,3,,vv 44,Table Tennis,Senior,,,
,,04/21/22,,,w,45,16,90,8,2,1,4,3,5,,w 45,Softball,Senior,,,
,,04/21/22,,,ww,46,6,120,8,5,4,3,1,3,,ww 46,Softball,Sophmore,,,
,,04/21/22,,,x,47,7.5,135,7,1,2,1,2,4,,x 47,Tennis,Senior,,,
,,04/21/22,,,xx,48,11,135,8,0,3,3,4,3,,xx 48,Rugby,Sophmore,,,
,,04/21/22,,,y,49,8,75,10,4,0,4,2,1,,y 49,Rugby,Junior,,,
,,04/21/22,,,yy,50,6,105,6,2,5,0,2,4,,yy 50,Rugby,Sophmore,,,
,,04/22/22,,,a,1,13,75,8,5,3,1,4,1,,a 1,Baseball,Freshman,,,
,,04/22/22,,,aa,2,19,60,5,1,3,2,5,3,,aa 2,Table Tennis,Freshman,,,
,,04/22/22,,,b,3,18,150,5,1,3,1,2,5,,b 3,Basketball,Junior,,,
,,04/22/22,,,bb,4,12,180,10,2,0,0,1,5,,bb 4,Basketball,Freshman,,,
,,04/22/22,,,c,5,14,150,6,5,2,2,3,3,,c 5,Table Tennis,Junior,,,
,,04/22/22,,,cc,6,17,105,6,2,3,2,4,1,,cc 6,Volleyball,Senior,,,
,,04/22/22,,,d,7,14,90,10,5,4,4,3,3,,d 7,Softball,Sophmore,,,
,,04/22/22,,,dd,8,18,75,10,1,2,2,5,4,,dd 8,Badminton,Senior,,,
,,04/22/22,,,e,9,15,30,8,3,3,1,1,3,,e 9,Softball,Freshman,,,
,,04/22/22,,,ee,10,11,180,4,1,5,0,2,3,,ee 10,Softball,Freshman,,,
,,04/22/22,,,f,11,17,135,10,2,4,2,2,2,,f 11,Baseball,Sophmore,,,
,,04/22/22,,,ff,12,13,135,5,1,4,2,2,2,,ff 12,Track & Field,Senior,,,
,,04/22/22,,,g,13,17,150,9,2,2,2,4,3,,g 13,Baseball,Junior,,,
,,04/22/22,,,gg,14,19,75,9,1,5,0,4,2,,gg 14,Tennis,Junior,,,
,,04/22/22,,,h,15,7,75,9,1,4,5,2,2,,h 15,Basketball,Sophmore,,,
,,04/22/22,,,hh,16,15,180,10,5,0,0,2,2,,hh 16,Badminton,Freshman,,,
,,04/22/22,,,i,17,7.5,60,5,2,3,1,2,2,,i 17,Baseball,Sophmore,,,
,,04/22/22,,,ii,18,7,75,6,0,1,0,1,4,,ii 18,Rugby,Junior,,,
,,04/22/22,,,j,19,18,120,5,1,0,1,3,5,,j 19,Baseball,Freshman,,,
,,04/22/22,,,jj,20,15,105,6,3,4,4,1,4,,jj 20,Cross Country,Freshman,,,
,,04/22/22,,,k,21,7,45,7,4,5,2,3,4,,k 21,Baseball,Junior,,,
,,04/22/22,,,kk,22,16,45,6,3,1,3,2,5,,kk 22,Volleyball,Freshman,,,
,,04/22/22,,,l,23,18,150,3,5,3,1,4,2,,l 23,Tennis,Junior,,,
,,04/22/22,,,ll,24,18,90,10,2,4,3,3,2,,ll 24,Volleyball,Junior,,,
,,04/22/22,,,m,25,20,150,9,0,3,1,2,2,,m 25,Soccer,Freshman,,,
,,04/22/22,,,mm,26,10,165,4,2,4,0,4,2,,mm 26,Table Tennis,Freshman,,,
,,04/22/22,,,n,27,7,90,4,0,0,2,4,1,,n 27,Swimming,Junior,,,
,,04/22/22,,,nn,28,7,105,4,1,0,1,3,2,,nn 28,Cross Country,Sophmore,,,
,,04/22/22,,,o,29,13,75,9,1,4,3,5,5,,o 29,Volleyball,Freshman,,,
,,04/22/22,,,oo,30,13,30,5,5,4,3,4,2,,oo 30,Track & Field,Sophmore,,,
,,04/22/22,,,p,31,7,165,3,4,2,4,3,3,,p 31,Volleyball,Senior,,,
,,04/22/22,,,pp,32,6,45,5,5,4,2,4,4,,pp 32,Table Tennis,Freshman,,,
,,04/22/22,,,q,33,11,75,8,3,3,5,1,3,,q 33,Rugby,Junior,,,
,,04/22/22,,,qq,34,13,90,3,2,1,3,4,5,,qq 34,Baseball,Sophmore,,,
,,04/22/22,,,r,35,9,45,10,5,0,3,5,2,,r 35,Badminton,Junior,,,
,,04/22/22,,,rr,36,9,150,3,2,2,1,2,1,,rr 36,Cross Country,Freshman,,,
,,04/22/22,,,s,37,12,45,10,0,2,1,2,5,,s 37,Table Tennis,Junior,,,
,,04/22/22,,,ss,38,19,30,4,0,0,3,3,5,,ss 38,Cross Country,Junior,,,
,,04/22/22,,,t,39,6,135,4,5,3,2,1,3,,t 39,Swimming,Senior,,,
,,04/22/22,,,tt,40,14,150,6,1,0,3,3,4,,tt 40,Volleyball,Sophmore,,,
,,04/22/22,,,u,41,7.5,120,6,2,3,5,4,2,,u 41,Track & Field,Sophmore,,,
,,04/22/22,,,uu,42,11,180,3,4,0,5,2,3,,uu 42,Tennis,Senior,,,
,,04/22/22,,,v,43,13,75,5,5,5,1,4,4,,v 43,Basketball,Junior,,,
,,04/22/22,,,vv,44,9,45,8,5,4,0,4,5,,vv 44,Table Tennis,Senior,,,
,,04/22/22,,,w,45,6,165,4,5,0,1,2,5,,w 45,Softball,Senior,,,
,,04/22/22,,,ww,46,15,75,9,1,5,3,2,5,,ww 46,Softball,Sophmore,,,
,,04/22/22,,,x,47,7,150,7,2,2,2,4,1,,x 47,Tennis,Senior,,,
,,04/22/22,,,xx,48,17,150,4,4,5,0,1,3,,xx 48,Rugby,Sophmore,,,
,,04/22/22,,,y,49,15,165,5,5,3,1,1,5,,y 49,Rugby,Junior,,,
,,04/22/22,,,yy,50,18,180,7,5,1,5,4,5,,yy 50,Rugby,Sophmore,,,
,,04/23/22,,,a,1,16,105,10,0,4,2,1,1,,a 1,Baseball,Freshman,,,
,,04/23/22,,,aa,2,11,165,3,4,3,3,1,5,,aa 2,Table Tennis,Freshman,,,
,,04/23/22,,,b,3,13,105,6,2,2,2,1,1,,b 3,Basketball,Junior,,,
,,04/23/22,,,bb,4,14,60,6,3,3,3,1,4,,bb 4,Basketball,Freshman,,,
,,04/23/22,,,c,5,7.5,165,3,1,5,4,2,5,,c 5,Table Tennis,Junior,,,
,,04/23/22,,,cc,6,9,60,4,5,5,0,5,4,,cc 6,Volleyball,Senior,,,
,,04/23/22,,,d,7,18,180,3,2,1,2,2,3,,d 7,Softball,Sophmore,,,
,,04/23/22,,,dd,8,16,75,9,5,0,5,4,3,,dd 8,Badminton,Senior,,,
,,04/23/22,,,e,9,20,135,5,5,0,1,5,2,,e 9,Softball,Freshman,,,
,,04/23/22,,,ee,10,6,135,8,4,0,5,4,2,,ee 10,Softball,Freshman,,,
,,04/23/22,,,f,11,13,120,5,0,4,1,1,3,,f 11,Baseball,Sophmore,,,
,,04/23/22,,,ff,12,13,165,9,5,5,5,3,4,,ff 12,Track & Field,Senior,,,
,,04/23/22,,,g,13,6,60,6,3,4,4,4,3,,g 13,Baseball,Junior,,,
,,04/23/22,,,gg,14,7,60,10,3,0,2,5,3,,gg 14,Tennis,Junior,,,
,,04/23/22,,,h,15,20,165,5,2,5,5,5,1,,h 15,Basketball,Sophmore,,,
,,04/23/22,,,hh,16,10,105,3,2,5,2,3,5,,hh 16,Badminton,Freshman,,,
,,04/23/22,,,i,17,16,180,7,0,5,4,1,2,,i 17,Baseball,Sophmore,,,
,,04/23/22,,,ii,18,7.5,60,10,2,5,5,2,1,,ii 18,Rugby,Junior,,,
,,04/23/22,,,j,19,9,165,8,2,3,3,3,4,,j 19,Baseball,Freshman,,,
,,04/23/22,,,jj,20,18,30,6,0,3,3,4,3,,jj 20,Cross Country,Freshman,,,
,,04/23/22,,,k,21,13,150,4,1,1,2,5,5,,k 21,Baseball,Junior,,,
,,04/23/22,,,kk,22,13,120,10,2,0,5,3,1,,kk 22,Volleyball,Freshman,,,
,,04/23/22,,,l,23,10,75,7,0,1,5,3,4,,l 23,Tennis,Junior,,,
,,04/23/22,,,ll,24,6,45,3,5,0,3,2,1,,ll 24,Volleyball,Junior,,,
,,04/23/22,,,m,25,17,150,4,0,1,1,4,5,,m 25,Soccer,Freshman,,,
,,04/23/22,,,mm,26,6,135,6,5,3,4,1,3,,mm 26,Table Tennis,Freshman,,,
,,04/23/22,,,n,27,10,60,3,2,2,2,2,5,,n 27,Swimming,Junior,,,
,,04/23/22,,,nn,28,11,105,9,2,2,2,2,4,,nn 28,Cross Country,Sophmore,,,
,,04/23/22,,,o,29,11,45,9,1,0,4,1,2,,o 29,Volleyball,Freshman,,,
,,04/23/22,,,oo,30,10,105,9,2,5,1,1,3,,oo 30,Track & Field,Sophmore,,,
,,04/23/22,,,p,31,14,150,3,5,1,0,2,5,,p 31,Volleyball,Senior,,,
,,04/23/22,,,pp,32,12,150,9,3,4,2,1,4,,pp 32,Table Tennis,Freshman,,,
,,04/23/22,,,q,33,9,135,4,0,5,0,2,4,,q 33,Rugby,Junior,,,
,,04/23/22,,,qq,34,6,105,9,3,0,4,4,5,,qq 34,Baseball,Sophmore,,,
,,04/23/22,,,r,35,19,135,9,1,0,3,2,2,,r 35,Badminton,Junior,,,
,,04/23/22,,,rr,36,8,60,3,2,1,0,1,5,,rr 36,Cross Country,Freshman,,,
,,04/23/22,,,s,37,6,45,6,1,2,5,4,3,,s 37,Table Tennis,Junior,,,
,,04/23/22,,,ss,38,10,165,9,1,3,4,2,5,,ss 38,Cross Country,Junior,,,
,,04/23/22,,,t,39,20,165,9,5,0,5,3,5,,t 39,Swimming,Senior,,,
,,04/23/22,,,tt,40,6,120,8,4,2,2,5,2,,tt 40,Volleyball,Sophmore,,,
,,04/23/22,,,u,41,17,30,7,3,0,5,3,2,,u 41,Track & Field,Sophmore,,,
,,04/23/22,,,uu,42,10,60,7,2,1,3,2,4,,uu 42,Tennis,Senior,,,
,,04/23/22,,,v,43,18,180,4,1,2,5,4,2,,v 43,Basketball,Junior,,,
,,04/23/22,,,vv,44,7,120,8,0,1,1,4,4,,vv 44,Table Tennis,Senior,,,
,,04/23/22,,,w,45,13,45,8,1,4,2,3,5,,w 45,Softball,Senior,,,
,,04/23/22,,,ww,46,20,180,8,1,4,4,2,3,,ww 46,Softball,Sophmore,,,
,,04/23/22,,,x,47,9,135,6,1,0,1,2,5,,x 47,Tennis,Senior,,,
,,04/23/22,,,xx,48,19,45,6,5,1,0,3,4,,xx 48,Rugby,Sophmore,,,
,,04/23/22,,,y,49,7.5,105,5,5,4,5,5,3,,y 49,Rugby,Junior,,,
,,04/23/22,,,yy,50,17,90,7,2,3,5,4,5,,yy 50,Rugby,Sophmore,,,
,,04/24/22,,,a,1,17,75,9,4,2,5,3,5,,a 1,Baseball,Freshman,,,
,,04/24/22,,,aa,2,20,135,8,1,5,2,2,3,,aa 2,Table Tennis,Freshman,,,
,,04/24/22,,,b,3,14,105,10,5,2,4,4,1,,b 3,Basketball,Junior,,,
,,04/24/22,,,bb,4,17,120,3,3,4,2,5,1,,bb 4,Basketball,Freshman,,,
,,04/24/22,,,c,5,7.5,135,4,2,1,3,5,1,,c 5,Table Tennis,Junior,,,
,,04/24/22,,,cc,6,9,150,4,4,1,1,2,4,,cc 6,Volleyball,Senior,,,
,,04/24/22,,,d,7,16,165,9,2,1,5,1,4,,d 7,Softball,Sophmore,,,
,,04/24/22,,,dd,8,11,120,5,5,1,5,2,4,,dd 8,Badminton,Senior,,,
,,04/24/22,,,e,9,11,120,5,3,3,3,1,2,,e 9,Softball,Freshman,,,
,,04/24/22,,,ee,10,6,165,6,4,0,4,2,2,,ee 10,Softball,Freshman,,,
,,04/24/22,,,f,11,7,150,4,3,2,3,3,2,,f 11,Baseball,Sophmore,,,
,,04/24/22,,,ff,12,16,150,4,3,4,1,4,2,,ff 12,Track & Field,Senior,,,
,,04/24/22,,,g,13,7,45,7,0,4,2,4,1,,g 13,Baseball,Junior,,,
,,04/24/22,,,gg,14,10,135,6,0,3,1,4,3,,gg 14,Tennis,Junior,,,
,,04/24/22,,,h,15,14,75,4,2,3,3,4,5,,h 15,Basketball,Sophmore,,,
,,04/24/22,,,hh,16,7,105,4,5,2,4,1,3,,hh 16,Badminton,Freshman,,,
,,04/24/22,,,i,17,15,165,10,4,2,3,4,5,,i 17,Baseball,Sophmore,,,
,,04/24/22,,,ii,18,11,120,6,5,4,5,4,4,,ii 18,Rugby,Junior,,,
,,04/24/22,,,j,19,7,30,10,0,3,1,2,5,,j 19,Baseball,Freshman,,,
,,04/24/22,,,jj,20,14,120,3,0,4,5,4,5,,jj 20,Cross Country,Freshman,,,
,,04/24/22,,,k,21,16,135,3,3,0,4,1,3,,k 21,Baseball,Junior,,,
,,04/24/22,,,kk,22,7,120,3,4,0,1,3,5,,kk 22,Volleyball,Freshman,,,
,,04/24/22,,,l,23,6,120,4,3,4,3,1,4,,l 23,Tennis,Junior,,,
,,04/24/22,,,ll,24,15,75,6,3,4,0,4,3,,ll 24,Volleyball,Junior,,,
,,04/24/22,,,m,25,7,105,10,5,1,2,2,4,,m 25,Soccer,Freshman,,,
,,04/24/22,,,mm,26,15,45,4,5,0,3,1,5,,mm 26,Table Tennis,Freshman,,,
,,04/24/22,,,n,27,13,45,3,2,3,1,4,3,,n 27,Swimming,Junior,,,
,,04/24/22,,,nn,28,20,45,6,0,5,4,2,2,,nn 28,Cross Country,Sophmore,,,
,,04/24/22,,,o,29,8,120,4,3,3,0,1,1,,o 29,Volleyball,Freshman,,,
,,04/24/22,,,oo,30,11,75,4,3,2,4,1,1,,oo 30,Track & Field,Sophmore,,,
,,04/24/22,,,p,31,13,75,10,5,0,1,1,5,,p 31,Volleyball,Senior,,,
,,04/24/22,,,pp,32,16,75,6,2,2,3,5,5,,pp 32,Table Tennis,Freshman,,,
,,04/24/22,,,q,33,13,45,4,4,2,2,5,3,,q 33,Rugby,Junior,,,
,,04/24/22,,,qq,34,14,105,9,5,4,0,5,5,,qq 34,Baseball,Sophmore,,,
,,04/24/22,,,r,35,20,30,9,0,3,4,1,3,,r 35,Badminton,Junior,,,
,,04/24/22,,,rr,36,7,75,8,2,0,3,1,1,,rr 36,Cross Country,Freshman,,,
,,04/24/22,,,s,37,16,105,9,5,5,1,3,2,,s 37,Table Tennis,Junior,,,
,,04/24/22,,,ss,38,18,105,6,5,0,1,1,4,,ss 38,Cross Country,Junior,,,
,,04/24/22,,,t,39,9,165,5,1,1,1,2,1,,t 39,Swimming,Senior,,,
,,04/24/22,,,tt,40,19,180,3,4,1,5,1,4,,tt 40,Volleyball,Sophmore,,,
,,04/24/22,,,u,41,18,165,4,1,5,5,1,1,,u 41,Track & Field,Sophmore,,,
,,04/24/22,,,uu,42,13,60,9,4,0,4,2,1,,uu 42,Tennis,Senior,,,
,,04/24/22,,,v,43,12,120,4,3,3,2,1,2,,v 43,Basketball,Junior,,,
,,04/24/22,,,vv,44,13,75,6,3,0,4,1,3,,vv 44,Table Tennis,Senior,,,
,,04/24/22,,,w,45,9,135,8,2,5,1,4,5,,w 45,Softball,Senior,,,
,,04/24/22,,,ww,46,9,90,4,5,4,4,1,5,,ww 46,Softball,Sophmore,,,
,,04/24/22,,,x,47,12,60,10,5,4,4,5,3,,x 47,Tennis,Senior,,,
,,04/24/22,,,xx,48,20,180,5,0,0,5,3,5,,xx 48,Rugby,Sophmore,,,
,,04/24/22,,,y,49,18,75,4,1,5,5,1,2,,y 49,Rugby,Junior,,,
,,04/24/22,,,yy,50,6,90,5,1,4,2,4,1,,yy 50,Rugby,Sophmore,,,
,,04/25/22,,,a,1,7.5,45,3,4,5,3,3,2,,a 1,Baseball,Freshman,,,
,,04/25/22,,,aa,2,8,135,10,5,4,2,2,1,,aa 2,Table Tennis,Freshman,,,
,,04/25/22,,,b,3,6,105,5,5,0,2,4,5,,b 3,Basketball,Junior,,,
,,04/25/22,,,bb,4,15,75,4,0,4,4,3,3,,bb 4,Basketball,Freshman,,,
,,04/25/22,,,c,5,7.5,45,6,4,5,2,1,1,,c 5,Table Tennis,Junior,,,
,,04/25/22,,,cc,6,17,30,6,5,0,0,1,2,,cc 6,Volleyball,Senior,,,
,,04/25/22,,,d,7,10,180,10,0,0,4,5,2,,d 7,Softball,Sophmore,,,
,,04/25/22,,,dd,8,10,60,3,5,3,1,3,1,,dd 8,Badminton,Senior,,,
,,04/25/22,,,e,9,15,90,7,3,3,3,2,5,,e 9,Softball,Freshman,,,
,,04/25/22,,,ee,10,7.5,90,10,3,0,5,1,5,,ee 10,Softball,Freshman,,,
,,04/25/22,,,f,11,7,75,5,2,4,3,3,5,,f 11,Baseball,Sophmore,,,
,,04/25/22,,,ff,12,10,150,4,5,3,0,3,1,,ff 12,Track & Field,Senior,,,
,,04/25/22,,,g,13,7.5,135,4,5,0,0,2,5,,g 13,Baseball,Junior,,,
,,04/25/22,,,gg,14,10,165,8,5,1,2,2,4,,gg 14,Tennis,Junior,,,
,,04/25/22,,,h,15,19,75,6,5,4,1,5,2,,h 15,Basketball,Sophmore,,,
,,04/25/22,,,hh,16,12,120,3,4,1,4,1,5,,hh 16,Badminton,Freshman,,,
,,04/25/22,,,i,17,16,45,3,1,2,5,2,1,,i 17,Baseball,Sophmore,,,
,,04/25/22,,,ii,18,20,75,3,3,4,4,2,2,,ii 18,Rugby,Junior,,,
,,04/25/22,,,j,19,13,150,4,1,1,0,3,3,,j 19,Baseball,Freshman,,,
,,04/25/22,,,jj,20,14,90,4,4,0,1,2,5,,jj 20,Cross Country,Freshman,,,
,,04/25/22,,,k,21,10,135,10,0,2,5,1,1,,k 21,Baseball,Junior,,,
,,04/25/22,,,kk,22,9,45,4,4,0,1,1,4,,kk 22,Volleyball,Freshman,,,
,,04/25/22,,,l,23,9,120,6,3,4,4,3,5,,l 23,Tennis,Junior,,,
,,04/25/22,,,ll,24,16,135,3,5,5,5,3,1,,ll 24,Volleyball,Junior,,,
,,04/25/22,,,m,25,17,120,6,1,3,1,5,5,,m 25,Soccer,Freshman,,,
,,04/25/22,,,mm,26,14,120,6,5,4,0,2,3,,mm 26,Table Tennis,Freshman,,,
,,04/25/22,,,n,27,18,30,5,5,4,3,1,2,,n 27,Swimming,Junior,,,
,,04/25/22,,,nn,28,8,105,3,1,0,5,2,2,,nn 28,Cross Country,Sophmore,,,
,,04/25/22,,,o,29,9,165,9,4,4,2,1,4,,o 29,Volleyball,Freshman,,,
,,04/25/22,,,oo,30,10,180,10,2,3,2,2,1,,oo 30,Track & Field,Sophmore,,,
,,04/25/22,,,p,31,20,180,6,0,2,5,2,3,,p 31,Volleyball,Senior,,,
,,04/25/22,,,pp,32,17,150,7,1,5,1,5,4,,pp 32,Table Tennis,Freshman,,,
,,04/25/22,,,q,33,18,90,10,0,2,0,2,4,,q 33,Rugby,Junior,,,
,,04/25/22,,,qq,34,15,60,7,4,5,5,4,2,,qq 34,Baseball,Sophmore,,,
,,04/25/22,,,r,35,7.5,135,3,2,0,2,3,5,,r 35,Badminton,Junior,,,
,,04/25/22,,,rr,36,14,45,3,5,2,3,3,2,,rr 36,Cross Country,Freshman,,,
,,04/25/22,,,s,37,10,90,8,2,0,1,1,3,,s 37,Table Tennis,Junior,,,
,,04/25/22,,,ss,38,6,120,8,3,2,3,5,1,,ss 38,Cross Country,Junior,,,
,,04/25/22,,,t,39,7.5,135,9,5,3,2,4,5,,t 39,Swimming,Senior,,,
,,04/25/22,,,tt,40,10,150,10,3,3,4,2,5,,tt 40,Volleyball,Sophmore,,,
,,04/25/22,,,u,41,15,180,4,2,5,1,3,2,,u 41,Track & Field,Sophmore,,,
,,04/25/22,,,uu,42,8,60,4,5,2,5,2,1,,uu 42,Tennis,Senior,,,
,,04/25/22,,,v,43,9,75,8,4,1,4,1,5,,v 43,Basketball,Junior,,,
,,04/25/22,,,vv,44,15,105,8,5,0,3,2,1,,vv 44,Table Tennis,Senior,,,
,,04/25/22,,,w,45,19,135,3,3,0,0,5,1,,w 45,Softball,Senior,,,
,,04/25/22,,,ww,46,13,165,5,4,0,4,2,5,,ww 46,Softball,Sophmore,,,
,,04/25/22,,,x,47,7.5,105,6,4,4,3,1,5,,x 47,Tennis,Senior,,,
,,04/25/22,,,xx,48,10,135,4,2,0,3,5,5,,xx 48,Rugby,Sophmore,,,
,,04/25/22,,,y,49,7,45,8,2,5,1,2,3,,y 49,Rugby,Junior,,,
,,04/25/22,,,yy,50,8,120,6,1,4,4,3,3,,yy 50,Rugby,Sophmore,,,
,,04/26/22,,,a,1,10,60,8,1,3,1,3,5,,a 1,Baseball,Freshman,,,
,,04/26/22,,,aa,2,19,30,6,0,5,4,3,4,,aa 2,Table Tennis,Freshman,,,
,,04/26/22,,,b,3,8,45,9,0,2,0,3,2,,b 3,Basketball,Junior,,,
,,04/26/22,,,bb,4,6,75,6,0,2,0,5,4,,bb 4,Basketball,Freshman,,,
,,04/26/22,,,c,5,13,45,7,2,2,0,2,2,,c 5,Table Tennis,Junior,,,
,,04/26/22,,,cc,6,9,45,9,5,3,0,4,1,,cc 6,Volleyball,Senior,,,
,,04/26/22,,,d,7,6,120,5,3,1,4,1,1,,d 7,Softball,Sophmore,,,
,,04/26/22,,,dd,8,6,45,8,5,0,4,1,5,,dd 8,Badminton,Senior,,,
,,04/26/22,,,e,9,8,75,7,0,5,5,1,1,,e 9,Softball,Freshman,,,
,,04/26/22,,,ee,10,9,135,9,1,3,3,1,1,,ee 10,Softball,Freshman,,,
,,04/26/22,,,f,11,15,105,4,2,5,3,4,3,,f 11,Baseball,Sophmore,,,
,,04/26/22,,,ff,12,10,75,8,2,3,3,3,5,,ff 12,Track & Field,Senior,,,
,,04/26/22,,,g,13,7.5,135,7,4,1,0,5,5,,g 13,Baseball,Junior,,,
,,04/26/22,,,gg,14,10,180,6,5,4,1,3,4,,gg 14,Tennis,Junior,,,
,,04/26/22,,,h,15,20,75,8,4,1,0,5,2,,h 15,Basketball,Sophmore,,,
,,04/26/22,,,hh,16,19,135,7,2,4,3,1,2,,hh 16,Badminton,Freshman,,,
,,04/26/22,,,i,17,13,90,8,3,2,0,1,5,,i 17,Baseball,Sophmore,,,
,,04/26/22,,,ii,18,8,135,8,4,0,0,4,4,,ii 18,Rugby,Junior,,,
,,04/26/22,,,j,19,8,150,5,5,1,1,4,4,,j 19,Baseball,Freshman,,,
,,04/26/22,,,jj,20,16,165,3,4,1,1,3,4,,jj 20,Cross Country,Freshman,,,
,,04/26/22,,,k,21,19,180,8,3,3,4,4,1,,k 21,Baseball,Junior,,,
,,04/26/22,,,kk,22,16,60,7,4,1,4,2,5,,kk 22,Volleyball,Freshman,,,
,,04/26/22,,,l,23,7,135,8,1,0,5,4,1,,l 23,Tennis,Junior,,,
,,04/26/22,,,ll,24,20,120,8,5,2,2,4,4,,ll 24,Volleyball,Junior,,,
,,04/26/22,,,m,25,13,60,5,4,4,4,3,5,,m 25,Soccer,Freshman,,,
,,04/26/22,,,mm,26,11,165,10,1,4,0,1,2,,mm 26,Table Tennis,Freshman,,,
,,04/26/22,,,n,27,18,120,10,3,4,5,5,5,,n 27,Swimming,Junior,,,
,,04/26/22,,,nn,28,13,90,8,4,4,0,1,3,,nn 28,Cross Country,Sophmore,,,
,,04/26/22,,,o,29,10,90,3,5,2,3,2,1,,o 29,Volleyball,Freshman,,,
,,04/26/22,,,oo,30,15,150,4,3,1,3,5,4,,oo 30,Track & Field,Sophmore,,,
,,04/26/22,,,p,31,11,30,6,3,1,0,4,2,,p 31,Volleyball,Senior,,,
,,04/26/22,,,pp,32,6,30,8,5,0,1,3,3,,pp 32,Table Tennis,Freshman,,,
,,04/26/22,,,q,33,7.5,105,7,3,1,5,4,4,,q 33,Rugby,Junior,,,
,,04/26/22,,,qq,34,19,75,9,1,0,2,3,3,,qq 34,Baseball,Sophmore,,,
,,04/26/22,,,r,35,7,165,10,5,3,1,2,2,,r 35,Badminton,Junior,,,
,,04/26/22,,,rr,36,12,165,6,0,2,2,4,4,,rr 36,Cross Country,Freshman,,,
,,04/26/22,,,s,37,20,90,3,5,0,2,3,2,,s 37,Table Tennis,Junior,,,
,,04/26/22,,,ss,38,19,30,6,4,3,0,5,4,,ss 38,Cross Country,Junior,,,
,,04/26/22,,,t,39,16,165,8,4,4,3,1,5,,t 39,Swimming,Senior,,,
,,04/26/22,,,tt,40,13,105,7,4,3,5,5,4,,tt 40,Volleyball,Sophmore,,,
,,04/26/22,,,u,41,7.5,105,4,1,4,1,4,1,,u 41,Track & Field,Sophmore,,,
,,04/26/22,,,uu,42,9,45,8,1,5,0,5,2,,uu 42,Tennis,Senior,,,
,,04/26/22,,,v,43,13,120,9,2,0,2,4,5,,v 43,Basketball,Junior,,,
,,04/26/22,,,vv,44,18,75,3,4,0,1,4,2,,vv 44,Table Tennis,Senior,,,
,,04/26/22,,,w,45,10,120,5,2,2,0,4,1,,w 45,Softball,Senior,,,
,,04/26/22,,,ww,46,15,60,7,0,5,3,4,4,,ww 46,Softball,Sophmore,,,
,,04/26/22,,,x,47,6,60,10,5,5,2,4,4,,x 47,Tennis,Senior,,,
,,04/26/22,,,xx,48,7.5,135,9,0,2,2,1,1,,xx 48,Rugby,Sophmore,,,
,,04/26/22,,,y,49,14,45,3,4,4,0,5,5,,y 49,Rugby,Junior,,,
,,04/26/22,,,yy,50,14,30,5,5,0,0,2,2,,yy 50,Rugby,Sophmore,,,
,,04/27/22,,,a,1,6,135,9,2,5,5,4,2,,a 1,Baseball,Freshman,,,
,,04/27/22,,,aa,2,13,30,5,2,5,1,2,2,,aa 2,Table Tennis,Freshman,,,
,,04/27/22,,,b,3,13,180,5,5,4,4,5,2,,b 3,Basketball,Junior,,,
,,04/27/22,,,bb,4,9,60,6,2,1,3,3,1,,bb 4,Basketball,Freshman,,,
,,04/27/22,,,c,5,7,30,3,3,4,5,5,1,,c 5,Table Tennis,Junior,,,
,,04/27/22,,,cc,6,13,60,8,1,4,1,1,3,,cc 6,Volleyball,Senior,,,
,,04/27/22,,,d,7,7.5,180,9,2,0,2,2,5,,d 7,Softball,Sophmore,,,
,,04/27/22,,,dd,8,18,135,7,4,2,0,2,1,,dd 8,Badminton,Senior,,,
,,04/27/22,,,e,9,15,75,3,5,2,2,2,1,,e 9,Softball,Freshman,,,
,,04/27/22,,,ee,10,17,105,10,4,3,1,3,3,,ee 10,Softball,Freshman,,,
,,04/27/22,,,f,11,20,150,7,4,1,2,1,4,,f 11,Baseball,Sophmore,,,
,,04/27/22,,,ff,12,20,135,3,2,5,1,4,4,,ff 12,Track & Field,Senior,,,
,,04/27/22,,,g,13,9,45,4,4,3,2,3,5,,g 13,Baseball,Junior,,,
,,04/27/22,,,gg,14,20,120,3,2,5,4,3,5,,gg 14,Tennis,Junior,,,
,,04/27/22,,,h,15,9,105,10,4,1,2,2,5,,h 15,Basketball,Sophmore,,,
,,04/27/22,,,hh,16,6,180,7,2,1,2,2,5,,hh 16,Badminton,Freshman,,,
,,04/27/22,,,i,17,7.5,30,10,0,4,1,4,1,,i 17,Baseball,Sophmore,,,
,,04/27/22,,,ii,18,18,105,5,0,1,3,3,5,,ii 18,Rugby,Junior,,,
,,04/27/22,,,j,19,7.5,75,5,0,5,4,3,1,,j 19,Baseball,Freshman,,,
,,04/27/22,,,jj,20,8,150,5,1,3,3,5,4,,jj 20,Cross Country,Freshman,,,
,,04/27/22,,,k,21,17,75,3,1,4,0,3,2,,k 21,Baseball,Junior,,,
,,04/27/22,,,kk,22,19,60,7,5,5,1,4,2,,kk 22,Volleyball,Freshman,,,
,,04/27/22,,,l,23,8,105,10,4,3,3,2,2,,l 23,Tennis,Junior,,,
,,04/27/22,,,ll,24,8,135,9,5,4,2,1,2,,ll 24,Volleyball,Junior,,,
,,04/27/22,,,m,25,14,75,6,2,1,2,4,5,,m 25,Soccer,Freshman,,,
,,04/27/22,,,mm,26,16,135,6,4,0,3,4,3,,mm 26,Table Tennis,Freshman,,,
,,04/27/22,,,n,27,9,60,6,5,2,4,1,3,,n 27,Swimming,Junior,,,
,,04/27/22,,,nn,28,14,120,6,4,2,4,2,4,,nn 28,Cross Country,Sophmore,,,
,,04/27/22,,,o,29,20,135,7,4,2,2,5,3,,o 29,Volleyball,Freshman,,,
,,04/27/22,,,oo,30,9,45,9,3,4,1,2,4,,oo 30,Track & Field,Sophmore,,,
,,04/27/22,,,p,31,12,30,5,1,1,5,5,3,,p 31,Volleyball,Senior,,,
,,04/27/22,,,pp,32,18,45,3,3,0,4,5,4,,pp 32,Table Tennis,Freshman,,,
,,04/27/22,,,q,33,20,105,6,1,2,5,2,5,,q 33,Rugby,Junior,,,
,,04/27/22,,,qq,34,12,135,10,3,3,0,5,3,,qq 34,Baseball,Sophmore,,,
,,04/27/22,,,r,35,12,75,4,3,3,1,5,1,,r 35,Badminton,Junior,,,
,,04/27/22,,,rr,36,18,135,7,2,5,4,3,2,,rr 36,Cross Country,Freshman,,,
,,04/27/22,,,s,37,8,120,5,0,0,3,2,2,,s 37,Table Tennis,Junior,,,
,,04/27/22,,,ss,38,12,45,5,1,2,3,4,1,,ss 38,Cross Country,Junior,,,
,,04/27/22,,,t,39,7.5,30,8,4,5,3,3,2,,t 39,Swimming,Senior,,,
,,04/27/22,,,tt,40,9,30,4,0,0,1,5,3,,tt 40,Volleyball,Sophmore,,,
,,04/27/22,,,u,41,13,105,10,3,5,3,4,4,,u 41,Track & Field,Sophmore,,,
,,04/27/22,,,uu,42,7.5,90,9,4,1,1,4,2,,uu 42,Tennis,Senior,,,
,,04/27/22,,,v,43,11,150,8,1,5,4,3,3,,v 43,Basketball,Junior,,,
,,04/27/22,,,vv,44,8,90,3,0,2,0,4,1,,vv 44,Table Tennis,Senior,,,
,,04/27/22,,,w,45,15,105,10,0,0,4,3,1,,w 45,Softball,Senior,,,
,,04/27/22,,,ww,46,16,90,9,5,3,4,4,5,,ww 46,Softball,Sophmore,,,
,,04/27/22,,,x,47,10,165,4,4,1,5,3,1,,x 47,Tennis,Senior,,,
,,04/27/22,,,xx,48,20,45,3,0,0,3,2,3,,xx 48,Rugby,Sophmore,,,
,,04/27/22,,,y,49,13,75,4,4,4,0,3,2,,y 49,Rugby,Junior,,,
,,04/27/22,,,yy,50,19,120,3,3,2,4,5,1,,yy 50,Rugby,Sophmore,,,
,,04/28/22,,,a,1,7,90,4,1,2,0,1,2,,a 1,Baseball,Freshman,,,
,,04/28/22,,,aa,2,13,30,8,3,3,0,3,1,,aa 2,Table Tennis,Freshman,,,
,,04/28/22,,,b,3,7.5,180,10,3,0,0,3,1,,b 3,Basketball,Junior,,,
,,04/28/22,,,bb,4,7.5,150,4,4,1,3,4,3,,bb 4,Basketball,Freshman,,,
,,04/28/22,,,c,5,15,30,9,1,5,0,5,3,,c 5,Table Tennis,Junior,,,
,,04/28/22,,,cc,6,7.5,45,3,3,1,5,1,1,,cc 6,Volleyball,Senior,,,
,,04/28/22,,,d,7,8,30,5,2,0,3,1,4,,d 7,Softball,Sophmore,,,
,,04/28/22,,,dd,8,8,135,6,4,3,4,4,1,,dd 8,Badminton,Senior,,,
,,04/28/22,,,e,9,20,135,3,4,4,5,5,1,,e 9,Softball,Freshman,,,
,,04/28/22,,,ee,10,20,165,7,3,2,4,5,1,,ee 10,Softball,Freshman,,,
,,04/28/22,,,f,11,8,180,6,0,2,1,4,3,,f 11,Baseball,Sophmore,,,
,,04/28/22,,,ff,12,16,135,4,2,3,0,4,1,,ff 12,Track & Field,Senior,,,
,,04/28/22,,,g,13,15,105,5,4,4,4,5,5,,g 13,Baseball,Junior,,,
,,04/28/22,,,gg,14,16,60,4,5,2,5,5,5,,gg 14,Tennis,Junior,,,
,,04/28/22,,,h,15,11,165,3,4,1,3,3,4,,h 15,Basketball,Sophmore,,,
,,04/28/22,,,hh,16,6,135,3,5,0,2,2,1,,hh 16,Badminton,Freshman,,,
,,04/28/22,,,i,17,16,165,4,4,3,1,1,2,,i 17,Baseball,Sophmore,,,
,,04/28/22,,,ii,18,9,120,3,3,5,2,3,1,,ii 18,Rugby,Junior,,,
,,04/28/22,,,j,19,6,60,9,4,1,1,3,1,,j 19,Baseball,Freshman,,,
,,04/28/22,,,jj,20,15,90,3,3,0,4,2,3,,jj 20,Cross Country,Freshman,,,
,,04/28/22,,,k,21,15,120,9,1,4,0,1,4,,k 21,Baseball,Junior,,,
,,04/28/22,,,kk,22,20,90,9,5,3,2,3,1,,kk 22,Volleyball,Freshman,,,
,,04/28/22,,,l,23,6,90,5,2,0,0,3,5,,l 23,Tennis,Junior,,,
,,04/28/22,,,ll,24,13,30,5,4,4,4,4,3,,ll 24,Volleyball,Junior,,,
,,04/28/22,,,m,25,6,135,6,0,2,2,1,5,,m 25,Soccer,Freshman,,,
,,04/28/22,,,mm,26,18,180,5,1,4,5,1,3,,mm 26,Table Tennis,Freshman,,,
,,04/28/22,,,n,27,8,135,7,4,0,1,3,3,,n 27,Swimming,Junior,,,
,,04/28/22,,,nn,28,7.5,45,6,5,1,0,2,5,,nn 28,Cross Country,Sophmore,,,
,,04/28/22,,,o,29,13,180,6,3,1,1,4,4,,o 29,Volleyball,Freshman,,,
,,04/28/22,,,oo,30,17,105,8,5,3,5,1,2,,oo 30,Track & Field,Sophmore,,,
,,04/28/22,,,p,31,8,135,7,3,1,2,3,4,,p 31,Volleyball,Senior,,,
,,04/28/22,,,pp,32,10,30,5,5,0,5,2,3,,pp 32,Table Tennis,Freshman,,,
,,04/28/22,,,q,33,16,90,6,1,2,1,4,4,,q 33,Rugby,Junior,,,
,,04/28/22,,,qq,34,20,150,9,0,0,0,1,4,,qq 34,Baseball,Sophmore,,,
,,04/28/22,,,r,35,8,75,8,4,4,3,5,5,,r 35,Badminton,Junior,,,
,,04/28/22,,,rr,36,12,165,3,3,1,3,2,2,,rr 36,Cross Country,Freshman,,,
,,04/28/22,,,s,37,11,75,4,3,1,0,3,1,,s 37,Table Tennis,Junior,,,
,,04/28/22,,,ss,38,11,75,4,1,2,4,5,3,,ss 38,Cross Country,Junior,,,
,,04/28/22,,,t,39,19,135,10,1,2,4,4,3,,t 39,Swimming,Senior,,,
,,04/28/22,,,tt,40,16,180,3,4,1,2,5,3,,tt 40,Volleyball,Sophmore,,,
,,04/28/22,,,u,41,16,135,8,1,4,2,1,1,,u 41,Track & Field,Sophmore,,,
,,04/28/22,,,uu,42,9,105,3,3,5,3,3,3,,uu 42,Tennis,Senior,,,
,,04/28/22,,,v,43,13,120,9,2,3,2,2,2,,v 43,Basketball,Junior,,,
,,04/28/22,,,vv,44,13,60,6,2,2,5,4,2,,vv 44,Table Tennis,Senior,,,
,,04/28/22,,,w,45,14,165,4,1,0,0,5,4,,w 45,Softball,Senior,,,
,,04/28/22,,,ww,46,18,180,3,3,0,4,4,2,,ww 46,Softball,Sophmore,,,
,,04/28/22,,,x,47,11,165,3,1,0,1,5,1,,x 47,Tennis,Senior,,,
,,04/28/22,,,xx,48,20,105,8,5,2,5,2,3,,xx 48,Rugby,Sophmore,,,
,,04/28/22,,,y,49,7.5,105,6,1,5,4,4,4,,y 49,Rugby,Junior,,,
,,04/28/22,,,yy,50,9,105,3,1,2,0,5,1,,yy 50,Rugby,Sophmore,,,